year,series,fuel_price_avg,fuel_yoy_avg,fuel_volatility,jump_count
1960,COCONUT_OIL | Coconut oil,312.3333333333333,,4.1057275403352165,0
1960,"CRUDE_BRENT | Crude oil, Brent",1.6300001144400003,,0.0,0
1960,"CRUDE_DUBAI | Crude oil, Dubai",1.6300001144400003,,0.0,0
1960,"CRUDE_PETRO | Crude oil, average",1.6300001144400003,,0.0,0
1960,GRNUT_OIL | Groundnut oil **,327.0,,1.882958932542799,0
1960,"NGAS_EUR | Natural gas, Europe",0.40477399635000005,,0.0,0
1960,"NGAS_US | Natural gas, US",0.14,,0.0,0
1960,PALM_OIL | Palm oil,224.41666666666666,,1.2938652784558264,0
1960,SOYBEAN_OIL | Soybean oil,223.91666666666666,,3.4015862464366116,0
1961,COCONUT_OIL | Coconut oil,253.41666666666666,-18.012148053411675,3.539223678109557,0
1961,"CRUDE_BRENT | Crude oil, Brent",1.57,-3.6809883575139146,1.0626098095472685,0
1961,"CRUDE_DUBAI | Crude oil, Dubai",1.57,-3.6809883575139146,1.0626098095472685,0
1961,"CRUDE_PETRO | Crude oil, average",1.57,-3.6809883575139146,1.0626098095472685,0
1961,GRNUT_OIL | Groundnut oil **,330.25,0.94585948219425,5.563622010140708,0
1961,"NGAS_EUR | Natural gas, Europe",0.40477399635000005,0.0,0.0,0
1961,"NGAS_US | Natural gas, US",0.15,7.14285714285714,2.0619652471058054,0
1961,PALM_OIL | Palm oil,228.41666666666666,1.81604131190565,1.0606747712732247,0
1961,SOYBEAN_OIL | Soybean oil,287.3333333333333,29.946105144875826,4.624397398393381,0
1962,COCONUT_OIL | Coconut oil,251.21666666666667,-0.46781659919881413,3.050043161823881,0
1962,"CRUDE_BRENT | Crude oil, Brent",1.5200000000000002,-3.184713375796177,0.9193475624038626,0
1962,"CRUDE_DUBAI | Crude oil, Dubai",1.5200000000000002,-3.184713375796177,0.9193475624038626,0
1962,"CRUDE_PETRO | Crude oil, average",1.5200000000000002,-3.184713375796177,0.9193475624038626,0
1962,GRNUT_OIL | Groundnut oil **,274.34,-16.717144982790703,3.41704988734169,0
1962,"NGAS_EUR | Natural gas, Europe",0.40477399635000005,0.0,0.0,0
1962,"NGAS_US | Natural gas, US",0.16,6.666666666666665,1.924500897298752,0
1962,PALM_OIL | Palm oil,216.23583333333332,-5.321040553615409,3.2240288383168254,0
1962,SOYBEAN_OIL | Soybean oil,227.0,-20.984858368049398,4.623395308840311,0
1963,COCONUT_OIL | Coconut oil,286.3333333333333,14.096645623502264,2.144509989690844,0
1963,"CRUDE_BRENT | Crude oil, Brent",1.5,-1.3157894736842146,0.3798357034142287,0
1963,"CRUDE_DUBAI | Crude oil, Dubai",1.5,-1.3157894736842146,0.3798357034142287,0
1963,"CRUDE_PETRO | Crude oil, average",1.5,-1.3157894736842146,0.3798357034142287,0
1963,GRNUT_OIL | Groundnut oil **,268.50333333333333,-1.4590685110491675,2.052325880730984,0
1963,"NGAS_EUR | Natural gas, Europe",0.3913511379499999,-3.3161365406471304,0.9572861622060875,0
1963,"NGAS_US | Natural gas, US",0.16,0.0,0.0,0
1963,PALM_OIL | Palm oil,222.39333333333335,3.216693242356154,0.9485774101273106,0
1963,SOYBEAN_OIL | Soybean oil,223.58333333333334,-0.6092903056035351,5.924114332017325,0
1964,COCONUT_OIL | Coconut oil,296.47499999999997,3.5151373119033757,2.688968371539645,0
1964,"CRUDE_BRENT | Crude oil, Brent",1.45,-3.3333333333333326,0.962250448649376,0
1964,"CRUDE_DUBAI | Crude oil, Dubai",1.45,-3.3333333333333326,0.962250448649376,0
1964,"CRUDE_PETRO | Crude oil, average",1.45,-3.3333333333333326,0.962250448649376,0
1964,GRNUT_OIL | Groundnut oil **,315.37583333333333,17.279197065705166,4.576021674912084,0
1964,"NGAS_EUR | Natural gas, Europe",0.38414980236,-1.8401212853813245,0.5311972597282338,0
1964,"NGAS_US | Natural gas, US",0.15,-6.25,1.8042195912175805,0
1964,PALM_OIL | Palm oil,239.45250000000001,7.634987192556976,1.624566921059661,0
1964,SOYBEAN_OIL | Soybean oil,233.0,4.682434834635509,6.369248150415979,1
1965,COCONUT_OIL | Coconut oil,350.1333333333334,18.595266732578335,7.8622711784935575,0
1965,"CRUDE_BRENT | Crude oil, Brent",1.42,-2.0689655172413834,0.597258899161683,0
1965,"CRUDE_DUBAI | Crude oil, Dubai",1.42,-2.0689655172413834,0.597258899161683,0
1965,"CRUDE_PETRO | Crude oil, average",1.42,-2.0689655172413834,0.597258899161683,0
1965,GRNUT_OIL | Groundnut oil **,323.91749999999996,5.025516493430686,4.8780158316112905,0
1965,"NGAS_EUR | Natural gas, Europe",0.41076610522,6.928625941360477,2.000122026179348,0
1965,"NGAS_US | Natural gas, US",0.16,6.666666666666665,1.924500897298752,0
1965,PALM_OIL | Palm oil,272.5216666666667,14.225890791205138,4.008277406532871,0
1965,SOYBEAN_OIL | Soybean oil,270.0,18.238103175235256,7.707494928301092,0
1966,COCONUT_OIL | Coconut oil,323.7083333333333,-7.228037355835205,4.625391109166713,0
1966,"CRUDE_BRENT | Crude oil, Brent",1.36,-4.22535211267604,1.219754089837233,0
1966,"CRUDE_DUBAI | Crude oil, Dubai",1.36,-4.22535211267604,1.219754089837233,0
1966,"CRUDE_PETRO | Crude oil, average",1.36,-4.22535211267604,1.219754089837233,0
1966,GRNUT_OIL | Groundnut oil **,296.305,-8.056678781332849,3.065667715354659,0
1966,"NGAS_EUR | Natural gas, Europe",0.42492866514,3.447840447403694,0.9953058052157012,0
1966,"NGAS_US | Natural gas, US",0.16,0.0,0.0,0
1966,PALM_OIL | Palm oil,235.64,-13.034729866664692,2.6569901639630884,0
1966,SOYBEAN_OIL | Soybean oil,261.5,-2.486276661214576,3.4077016723753775,0
1967,COCONUT_OIL | Coconut oil,326.35833333333335,1.7384536672716135,5.440103327058382,0
1967,"CRUDE_BRENT | Crude oil, Brent",1.33,-2.2058823529411797,0.6367833851356177,0
1967,"CRUDE_DUBAI | Crude oil, Dubai",1.33,-2.2058823529411797,0.6367833851356177,0
1967,"CRUDE_PETRO | Crude oil, average",1.33,-2.2058823529411797,0.6367833851356177,0
1967,GRNUT_OIL | Groundnut oil **,282.9533333333333,-4.422195828218899,2.5893472309390893,0
1967,"NGAS_EUR | Natural gas, Europe",0.45664737628,7.464479038981686,2.1548094912581974,0
1967,"NGAS_US | Natural gas, US",0.16,0.0,0.0,0
1967,PALM_OIL | Palm oil,223.45083333333332,-5.120622152604033,3.289519682221135,0
1967,SOYBEAN_OIL | Soybean oil,216.83333333333334,-17.041447742856633,3.3671104696937615,0
1968,COCONUT_OIL | Coconut oil,399.26666666666665,23.620006603890513,3.867284390649516,0
1968,"CRUDE_BRENT | Crude oil, Brent",1.32,-0.7518796992481258,0.2170489733795602,0
1968,"CRUDE_DUBAI | Crude oil, Dubai",1.32,-0.7518796992481258,0.2170489733795602,0
1968,"CRUDE_PETRO | Crude oil, average",1.32,-0.7518796992481258,0.2170489733795602,0
1968,GRNUT_OIL | Groundnut oil **,270.7341666666667,-3.5227085766620463,4.4337711178186225,0
1968,"NGAS_EUR | Natural gas, Europe",0.45180187737000005,-1.06110297829215,0.3063140450774432,0
1968,"NGAS_US | Natural gas, US",0.16,0.0,0.0,0
1968,PALM_OIL | Palm oil,168.83083333333335,-24.45908482488059,4.742734618637083,0
1968,SOYBEAN_OIL | Soybean oil,178.08333333333334,-17.867504515796856,4.03803691883777,0
1969,COCONUT_OIL | Coconut oil,361.26666666666665,-9.395338661395686,4.933170773626072,0
1969,"CRUDE_BRENT | Crude oil, Brent",1.27,-3.7878787878787956,1.0934664189197478,0
1969,"CRUDE_DUBAI | Crude oil, Dubai",1.27,-3.7878787878787956,1.0934664189197478,0
1969,"CRUDE_PETRO | Crude oil, average",1.27,-3.7878787878787956,1.0934664189197478,0
1969,GRNUT_OIL | Groundnut oil **,331.52500000000003,22.929541847763844,4.579335992924798,0
1969,"NGAS_EUR | Natural gas, Europe",0.45181991824,0.003993093190546304,0.0011527067142305851,0
1969,"NGAS_US | Natural gas, US",0.17,6.25,1.8042195912175805,0
1969,PALM_OIL | Palm oil,181.11416666666665,10.084941355086118,8.734987624727754,1
1969,SOYBEAN_OIL | Soybean oil,197.16666666666666,11.715926491714058,7.169107360554534,1
1970,"COAL_AUS | Coal, Australian",7.8,,0.0,0
1970,COCONUT_OIL | Coconut oil,397.18333333333334,10.406118529734362,1.9752049119167656,0
1970,"CRUDE_BRENT | Crude oil, Brent",1.21,-4.7244094488189,1.3638195335188017,0
1970,"CRUDE_DUBAI | Crude oil, Dubai",1.21,-4.7244094488189,1.3638195335188017,0
1970,"CRUDE_PETRO | Crude oil, average",1.21,-4.7244094488189,1.3638195335188017,0
1970,GRNUT_OIL | Groundnut oil **,378.54583333333335,14.39732778534475,4.315060609591753,0
1970,"NGAS_EUR | Natural gas, Europe",0.44721801014,-1.0185270534167845,0.29402343423354843,0
1970,"NGAS_US | Natural gas, US",0.17,0.0,0.0,0
1970,PALM_OIL | Palm oil,260.04583333333335,46.051974578634514,5.793684665572276,0
1970,SOYBEAN_OIL | Soybean oil,286.3333333333333,47.59712933267209,5.800397674855172,0
1971,"COAL_AUS | Coal, Australian",8.68,11.282051282051286,3.2568476723517366,0
1971,COCONUT_OIL | Coconut oil,365.52666666666664,-7.977666315662783,5.184287142796276,0
1971,"CRUDE_BRENT | Crude oil, Brent",1.6900000000000002,39.66942148760331,10.249690701236082,1
1971,"CRUDE_DUBAI | Crude oil, Dubai",1.6900000000000002,39.66942148760331,10.249690701236082,1
1971,"CRUDE_PETRO | Crude oil, average",1.6900000000000002,39.66942148760331,10.249690701236082,1
1971,GRNUT_OIL | Groundnut oil **,440.615,17.325331910725954,3.541605659837187,0
1971,"NGAS_EUR | Natural gas, Europe",0.50224354379,12.30396191619709,3.551847862207648,0
1971,"NGAS_US | Natural gas, US",0.18000000000000002,5.88235294117645,1.698089027028305,0
1971,PALM_OIL | Palm oil,260.94166666666666,0.920943228414441,5.495470518750732,0
1971,SOYBEAN_OIL | Soybean oil,303.75,6.829444365165408,5.736744090547397,0
1972,"COAL_AUS | Coal, Australian",9.6,10.599078341013835,3.0596903666731348,0
1972,COCONUT_OIL | Coconut oil,234.06000000000003,-35.60990339747538,9.437042215499632,0
1972,"CRUDE_BRENT | Crude oil, Brent",1.82,7.699046818054389,1.6613470506788734,0
1972,"CRUDE_DUBAI | Crude oil, Dubai",1.82,7.699046818054389,1.6613470506788734,0
1972,"CRUDE_PETRO | Crude oil, average",1.82,7.699046818054389,1.6613470506788734,0
1972,GRNUT_OIL | Groundnut oil **,425.93416666666667,-3.053259247007283,3.760333377098954,0
1972,"NGAS_EUR | Natural gas, Europe",0.54216598655,7.94882149379954,2.294627114592724,0
1972,"NGAS_US | Natural gas, US",0.19000000000000003,5.555555555555558,1.6037507477489612,0
1972,PALM_OIL | Palm oil,217.25833333333333,-16.3980238126866,7.5908689458079275,0
1972,SOYBEAN_OIL | Soybean oil,240.58333333333334,-20.43917062576175,4.87103485808406,0
1973,"COAL_AUS | Coal, Australian",11.479999999999999,19.583333333333353,5.653221385815091,1
1973,COCONUT_OIL | Coconut oil,513.0,121.46760322014744,14.942149230775827,3
1973,"CRUDE_BRENT | Crude oil, Brent",2.8074999999999997,53.47971237801746,15.122612439731942,1
1973,"CRUDE_DUBAI | Crude oil, Dubai",2.8074999999999997,53.47971237801746,15.122612439731942,1
1973,"CRUDE_PETRO | Crude oil, average",2.8074999999999997,53.47971237801746,15.122612439731942,1
1973,GRNUT_OIL | Groundnut oil **,546.1683333333334,28.354041801516615,9.38026007990092,1
1973,"NGAS_EUR | Natural gas, Europe",0.69350672431,27.91409669998599,8.058105621961076,1
1973,"NGAS_US | Natural gas, US",0.21,10.526315789473673,3.038685627313816,0
1973,PALM_OIL | Palm oil,377.53833333333336,73.61854101357613,12.677503107500426,3
1973,SOYBEAN_OIL | Soybean oil,436.0,84.11168946070286,11.227932777386979,4
1974,"COAL_AUS | Coal, Australian",16.89,47.125435540069695,13.603941447368797,1
1974,COCONUT_OIL | Coconut oil,997.5833333333334,142.98659261579851,10.646409619327287,1
1974,"CRUDE_BRENT | Crude oil, Brent",10.974999427795,324.41340720334244,63.462865990343104,1
1974,"CRUDE_DUBAI | Crude oil, Dubai",10.974999427795,324.41340720334244,63.462865990343104,1
1974,"CRUDE_PETRO | Crude oil, average",10.974999427795,324.41340720334244,63.462865990343104,1
1974,GRNUT_OIL | Groundnut oil **,1076.8875,101.97291436077408,8.21425686004789,1
1974,"NGAS_EUR | Natural gas, Europe",1.7299999999999998,149.45684581807797,43.14447508264985,1
1974,"NGAS_US | Natural gas, US",0.29,38.095238095238095,10.997147984564302,1
1974,PALM_OIL | Palm oil,669.0533333333333,87.9669438807724,11.078520950372141,2
1974,SOYBEAN_OIL | Soybean oil,832.1666666666666,100.14088667956152,9.94580198260499,2
1975,"COAL_AUS | Coal, Australian",26.84,58.91059798697453,17.006024802950787,1
1975,COCONUT_OIL | Coconut oil,393.5,-60.01638854683217,8.684512720770211,0
1975,"CRUDE_BRENT | Crude oil, Brent",10.4325001239775,-3.9227106484493763,0.3370239722547401,0
1975,"CRUDE_DUBAI | Crude oil, Dubai",10.4325001239775,-3.9227106484493763,0.3370239722547401,0
1975,"CRUDE_PETRO | Crude oil, average",10.4325001239775,-3.9227106484493763,0.3370239722547401,0
1975,GRNUT_OIL | Groundnut oil **,857.5,-20.05404354685595,10.927944082730445,2
1975,"NGAS_EUR | Natural gas, Europe",1.68209359077,-2.7691566028901655,0.7993866550534335,0
1975,"NGAS_US | Natural gas, US",0.43,48.27586206896552,13.936040980439245,1
1975,PALM_OIL | Palm oil,434.1691666666666,-34.02232959623036,10.506072476400076,0
1975,SOYBEAN_OIL | Soybean oil,563.3333333333334,-29.759513266850302,8.53864210006601,1
1976,"COAL_AUS | Coal, Australian",27.16,1.1922503725782407,0.3441730367747394,0
1976,COCONUT_OIL | Coconut oil,418.5,10.80755108263404,6.228854153228861,0
1976,"CRUDE_BRENT | Crude oil, Brent",11.63000011444,11.476419029954526,2.9090547217162395,0
1976,"CRUDE_DUBAI | Crude oil, Dubai",11.63000011444,11.476419029954526,2.9090547217162395,0
1976,"CRUDE_PETRO | Crude oil, average",11.63000011444,11.476419029954526,2.9090547217162395,0
1976,GRNUT_OIL | Groundnut oil **,712.8333333333334,-15.105571813247428,26.416874011992284,2
1976,"NGAS_EUR | Natural gas, Europe",1.73511329971,3.1520070720755466,0.9099060657752105,0
1976,"NGAS_US | Natural gas, US",0.5808333333333333,35.077519379844965,7.151361252758269,0
1976,PALM_OIL | Palm oil,406.53416666666664,-3.788757837405045,6.861531903336237,0
1976,SOYBEAN_OIL | Soybean oil,438.3333333333333,-18.3827549870776,5.623146742432302,0
1977,"COAL_AUS | Coal, Australian",28.678518518519997,5.591010745655385,1.615765276235683,0
1977,COCONUT_OIL | Coconut oil,578.1666666666666,45.5910971481185,12.310195328270622,1
1977,"CRUDE_BRENT | Crude oil, Brent",12.5650000572225,8.05048935355004,1.4870900282449335,0
1977,"CRUDE_DUBAI | Crude oil, Dubai",12.5650000572225,8.05048935355004,1.4870900282449335,0
1977,"CRUDE_PETRO | Crude oil, average",12.5650000572225,8.05048935355004,1.4870900282449335,0
1977,GRNUT_OIL | Groundnut oil **,852.75,23.241359032028072,7.628583875883143,1
1977,"NGAS_EUR | Natural gas, Europe",1.79162260682,3.256807905250026,0.9401594603975015,0
1977,"NGAS_JP | Liquefied natural gas, Japan",2.77116287282,,0.0,0
1977,"NGAS_US | Natural gas, US",0.79,36.03392548157564,2.73840554280579,0
1977,PALM_OIL | Palm oil,530.025,33.40952937950379,9.54908286421256,0
1977,SOYBEAN_OIL | Soybean oil,580.25,36.056049619615784,11.629527729468203,2
1977,iNATGAS | Natural gas index,19.988035520800832,,1.2697581490763405,0
1978,"COAL_AUS | Coal, Australian",29.058657407407498,1.3256797994824867,2.6238874101037517,0
1978,COCONUT_OIL | Coconut oil,683.2083333333334,23.72514800045032,7.149435773491256,0
1978,"CRUDE_BRENT | Crude oil, Brent",12.916666666666666,2.7883885837843163,2.839798244526244,0
1978,"CRUDE_DUBAI | Crude oil, Dubai",12.916666666666666,2.7883885837843163,2.839798244526244,0
1978,"CRUDE_PETRO | Crude oil, average",12.916666666666666,2.7883885837843163,2.839798244526244,0
1978,GRNUT_OIL | Groundnut oil **,1079.1666666666667,27.258346565704453,8.381316622152518,0
1978,"NGAS_EUR | Natural gas, Europe",2.30221809927,28.499053902667026,8.22696822117723,1
1978,"NGAS_JP | Liquefied natural gas, Japan",3.03608084204,9.559812301844728,2.759680102936175,0
1978,"NGAS_US | Natural gas, US",0.9058333333333334,15.067486052009722,1.7965924197602539,0
1978,PALM_OIL | Palm oil,600.3333333333334,15.147469649730063,4.579259687375638,0
1978,SOYBEAN_OIL | Soybean oil,607.0,6.778566096542594,6.524993532267649,1
1978,iNATGAS | Natural gas index,24.00148012192,20.17430421031569,4.112161581852922,0
1979,"COAL_AUS | Coal, Australian",30.89,6.4413540725369955,1.407890699324591,0
1979,COCONUT_OIL | Coconut oil,984.5,48.65135138532052,5.439707649673057,0
1979,"CRUDE_BRENT | Crude oil, Brent",32.11250003178917,147.83965997264522,13.115977583098383,2
1979,"CRUDE_DUBAI | Crude oil, Dubai",29.816666523615833,129.98953002963802,17.821063861292576,1
1979,"CRUDE_PETRO | Crude oil, average",30.964583277701667,138.91459500113504,14.532892775024223,1
1979,GRNUT_OIL | Groundnut oil **,888.6666666666666,-16.754660653411104,3.1253773436694305,0
1979,"NGAS_EUR | Natural gas, Europe",3.25948857485,41.58035573969019,12.003214789655267,1
1979,"NGAS_JP | Liquefied natural gas, Japan",3.6924229155700004,21.61806973127209,6.240599189355022,1
1979,"NGAS_US | Natural gas, US",1.18,30.117728041397115,1.7787340921541295,0
1979,PALM_OIL | Palm oil,653.8333333333334,9.290976852884215,4.127208193446261,0
1979,SOYBEAN_OIL | Soybean oil,662.1833333333333,9.51644850336722,3.3115306551789283,0
1979,iNATGAS | Natural gas index,32.32629349772667,34.653968287208485,6.43729633871937,0
1980,"COAL_AUS | Coal, Australian",40.14083333333333,29.71419986119199,6.507452024120039,1
1980,COCONUT_OIL | Coconut oil,673.8333333333334,-31.288852612569652,6.594396185342379,0
1980,"CRUDE_BRENT | Crude oil, Brent",37.89166704813667,26.730402264517995,5.797012247630457,0
1980,"CRUDE_DUBAI | Crude oil, Dubai",35.84583282470667,31.24704125854492,5.809175966423321,0
1980,"CRUDE_PETRO | Crude oil, average",36.868749936421665,28.79531472828326,5.621726805934914,0
1980,GRNUT_OIL | Groundnut oil **,858.75,-0.9456292964218846,7.925166654252291,2
1980,"NGAS_EUR | Natural gas, Europe",4.22,29.468163581282127,8.506726088088582,1
1980,"NGAS_JP | Liquefied natural gas, Japan",5.69622732832,54.26800934152127,15.665824900856217,1
1980,"NGAS_US | Natural gas, US",1.5891666666666666,34.685223113680536,1.812609862827751,0
1980,PALM_OIL | Palm oil,583.6916666666667,-10.706081472046563,6.164967544398988,0
1980,SOYBEAN_OIL | Soybean oil,597.6083333333333,-9.718475222224788,6.094838895452647,0
1980,iNATGAS | Natural gas index,43.218767379808334,33.69637621507042,5.4364062973877045,0
1981,"COAL_AUS | Coal, Australian",53.62,34.17737065230201,7.393369387577245,1
1981,COCONUT_OIL | Coconut oil,569.9166666666666,-14.259037308017476,3.521890884993199,0
1981,"CRUDE_BRENT | Crude oil, Brent",36.675833066304165,-2.9657597489532868,3.3089313029654703,0
1981,"CRUDE_DUBAI | Crude oil, Dubai",34.29416624705083,-4.115772299194085,3.0966598131220286,0
1981,"CRUDE_PETRO | Crude oil, average",35.48499965667583,-3.548296365461012,2.999022258511617,0
1981,GRNUT_OIL | Groundnut oil **,1042.75,27.211780572642894,6.424292624389807,0
1981,"NGAS_EUR | Natural gas, Europe",4.6,9.004739336492884,2.599444339953289,0
1981,"NGAS_JP | Liquefied natural gas, Japan",6.030341435340001,5.865533233880638,1.6932335957608413,0
1981,"NGAS_US | Natural gas, US",1.9833333333333334,24.96458214115663,1.1843804668411801,0
1981,PALM_OIL | Palm oil,570.6666666666666,-1.804508935880216,4.816922616235575,0
1981,SOYBEAN_OIL | Soybean oil,506.84999999999997,-14.959977641434067,3.1462894558314027,0
1981,iNATGAS | Natural gas index,50.03815006757417,15.799064619572903,1.3991737814796248,0
1982,"COAL_AUS | Coal, Australian",54.767500000000005,3.235615042280346,5.226483173932988,1
1982,COCONUT_OIL | Coconut oil,464.4166666666667,-18.590959727020117,4.811069667175369,0
1982,"CRUDE_BRENT | Crude oil, Brent",33.4183328946425,-8.602957305452371,6.62232746556866,0
1982,"CRUDE_DUBAI | Crude oil, Dubai",31.756666819255,-6.929092799804567,5.787687420885918,0
1982,"CRUDE_PETRO | Crude oil, average",32.64722212685333,-7.709754216556206,4.045316298922115,0
1982,"CRUDE_WTI | Crude oil, WTI",32.766666666666666,,3.6116536878778134,0
1982,GRNUT_OIL | Groundnut oil **,584.9166666666666,-43.54840506116863,4.575919694567894,0
1982,"NGAS_EUR | Natural gas, Europe",4.45,-3.2608695652173836,0.9413319606352571,0
1982,"NGAS_JP | Liquefied natural gas, Japan",6.05162239889,0.3528981530844355,0.10187292183991029,0
1982,"NGAS_US | Natural gas, US",2.4650000000000003,24.38571023963409,1.094526135744261,0
1982,PALM_OIL | Palm oil,445.0833333333333,-22.291511287129932,5.703921244124453,0
1982,SOYBEAN_OIL | Soybean oil,447.25,-11.76098936412865,4.03474071564382,0
1982,iNATGAS | Natural gas index,55.188529918453334,10.303409788713445,0.5288772807096904,0
1983,"COAL_AUS | Coal, Australian",38.1875,-30.35585840162355,5.980285199642578,1
1983,COCONUT_OIL | Coconut oil,729.875,62.60734792173213,9.25158276946048,1
1983,"CRUDE_BRENT | Crude oil, Brent",29.829167048136668,-10.573845512494747,2.9684328656651964,0
1983,"CRUDE_DUBAI | Crude oil, Dubai",28.729166666666668,-9.354626875981378,1.5833401638924907,0
1983,"CRUDE_PETRO | Crude oil, average",29.6577778392375,-9.09116521904555,2.617090207673864,0
1983,"CRUDE_WTI | Crude oil, WTI",30.414999802907502,-7.015880380072744,3.559350887615619,0
1983,GRNUT_OIL | Groundnut oil **,710.9166666666666,29.284639927425175,16.174189435317246,1
1983,"NGAS_EUR | Natural gas, Europe",4.05,-8.988764044943832,2.594832670515175,0
1983,"NGAS_JP | Liquefied natural gas, Japan",5.54581574773,-8.358199137685396,2.4128042610415807,0
1983,"NGAS_US | Natural gas, US",2.5925,5.45844665129555,2.2964134440640014,0
1983,PALM_OIL | Palm oil,501.425,19.40879107104545,10.297019098187297,1
1983,SOYBEAN_OIL | Soybean oil,526.8833333333333,20.00066980478358,11.888538066360375,1
1983,iNATGAS | Natural gas index,54.492540000377495,-1.1831463694189397,1.5590012941891251,0
1984,"COAL_AUS | Coal, Australian",30.958333333333332,-16.90421002866759,2.596580089752757,0
1984,"COAL_SAFRICA | Coal, South African **",32.87083333333333,,5.258362924972846,0
1984,COCONUT_OIL | Coconut oil,1154.5833333333333,73.24654644715808,10.413029316673976,0
1984,"CRUDE_BRENT | Crude oil, Brent",28.8016665776575,-3.348749346009407,1.9012959617612502,0
1984,"CRUDE_DUBAI | Crude oil, Dubai",27.493333339691663,-4.280182993459821,0.9720914286971297,0
1984,"CRUDE_PETRO | Crude oil, average",28.557499991521667,-3.6522205122779297,1.57382306835804,0
1984,"CRUDE_WTI | Crude oil, WTI",29.377500057221667,-3.308883115555499,2.324350087569292,0
1984,GRNUT_OIL | Groundnut oil **,1016.6666666666666,63.42045099254764,7.197590891444082,0
1984,"NGAS_EUR | Natural gas, Europe",3.76,-7.160493827160497,2.067056519320883,0
1984,"NGAS_JP | Liquefied natural gas, Japan",5.23768078193,-5.5561702699215125,1.6039282005012905,0
1984,"NGAS_US | Natural gas, US",2.655,2.450223688196109,1.4736254806720877,0
1984,PALM_OIL | Palm oil,728.8333333333334,59.917023290612946,13.267745515087132,3
1984,SOYBEAN_OIL | Soybean oil,724.0,46.8627991519082,9.513224671808109,2
1984,iNATGAS | Natural gas index,53.664089200267505,-1.5076205451092264,0.8559725208478917,0
1985,"COAL_AUS | Coal, Australian",33.75,9.289381252475561,0.0,0
1985,"COAL_SAFRICA | Coal, South African **",34.917500000000004,7.18510110699117,0.4896399832806696,0
1985,COCONUT_OIL | Coconut oil,590.1666666666666,-48.61904954773923,7.411127004031789,0
1985,"CRUDE_BRENT | Crude oil, Brent",27.329166666666666,-5.007455850616583,4.182903017997405,0
1985,"CRUDE_DUBAI | Crude oil, Dubai",26.458333333333332,-3.743607725042342,1.8786719423378009,0
1985,"CRUDE_PETRO | Crude oil, average",27.183333333333334,-4.731588380620887,3.160153575492932,0
1985,"CRUDE_WTI | Crude oil, WTI",27.7625,-5.339055959072799,4.313615460593904,0
1985,GRNUT_OIL | Groundnut oil **,904.9166666666666,-10.64866556970776,7.378061413656082,0
1985,"NGAS_EUR | Natural gas, Europe",3.65,-2.9255319148936088,0.8445283192933332,0
1985,"NGAS_JP | Liquefied natural gas, Japan",5.23,-0.14664471260826817,0.04233268214980947,0
1985,"NGAS_US | Natural gas, US",2.5108333333333333,-5.465664763490039,2.451093620177418,0
1985,PALM_OIL | Palm oil,500.5833333333333,-31.519180695368565,8.138187078112294,0
1985,SOYBEAN_OIL | Soybean oil,572.0,-20.849419129765575,5.445105930375825,0
1985,iNATGAS | Natural gas index,51.38527894934416,-4.259141160671611,1.3548271271828372,0
1986,"COAL_AUS | Coal, Australian",31.125,-7.777777777777779,2.812531338833439,0
1986,"COAL_SAFRICA | Coal, South African **",30.37,-13.038461010466756,3.088762088936499,0
1986,COCONUT_OIL | Coconut oil,296.5,-44.81235933660553,16.430751476962016,1
1986,"CRUDE_BRENT | Crude oil, Brent",14.770833333333334,-45.90674973435145,20.18545274471446,2
1986,"CRUDE_DUBAI | Crude oil, Dubai",13.195833333333333,-50.316489574571534,23.895552680663947,2
1986,"CRUDE_PETRO | Crude oil, average",14.35,-47.15029567808821,19.91498425097306,2
1986,"CRUDE_WTI | Crude oil, WTI",15.083333333333334,-45.40171433296322,17.667657212295186,2
1986,GRNUT_OIL | Groundnut oil **,569.4166666666666,-36.74506480156318,7.432446235412144,1
1986,"NGAS_EUR | Natural gas, Europe",3.65,0.0,0.0,0
1986,"NGAS_JP | Liquefied natural gas, Japan",4.1,-21.606118546845135,6.237149179582001,1
1986,"NGAS_US | Natural gas, US",1.9349999999999998,-23.08016637244428,2.61009475268847,0
1986,PALM_OIL | Palm oil,257.0,-45.81582745494449,13.411614876511695,2
1986,SOYBEAN_OIL | Soybean oil,342.4166666666667,-39.45263687216917,8.620799722073432,1
1986,iNATGAS | Natural gas index,43.62715169140417,-15.142806682873058,1.3879542328218597,0
1987,"COAL_AUS | Coal, Australian",27.5,-11.547494962129107,6.152723833399462,0
1987,"COAL_SAFRICA | Coal, South African **",26.495,-12.501000187072163,1.2188621144610585,0
1987,COCONUT_OIL | Coconut oil,442.25,55.74713408532126,7.944580041692509,0
1987,"CRUDE_BRENT | Crude oil, Brent",18.341666666666665,31.573374506952252,6.074803982596395,0
1987,"CRUDE_DUBAI | Crude oil, Dubai",16.9375,38.7133823913731,5.362358561503083,0
1987,"CRUDE_PETRO | Crude oil, average",18.145833333334167,33.128562494956434,5.842129249167841,0
1987,"CRUDE_WTI | Crude oil, WTI",19.158333333333335,30.92973651584079,6.338807213834918,0
1987,GRNUT_OIL | Groundnut oil **,499.75,-11.88484443219138,5.1138634135883825,0
1987,"NGAS_EUR | Natural gas, Europe",2.59,-29.04109589041096,8.383442264945252,1
1987,"NGAS_JP | Liquefied natural gas, Japan",3.35,-18.29268292682926,5.280642706002673,1
1987,"NGAS_US | Natural gas, US",1.6624999999999999,-13.43692530689008,2.477266579656576,0
1987,PALM_OIL | Palm oil,342.5833333333333,35.371133216862184,9.196427800736693,1
1987,SOYBEAN_OIL | Soybean oil,334.25,-0.2869485542506694,6.589044382660549,0
1987,iNATGAS | Natural gas index,34.770751256245,-20.12780223634644,4.238052554692497,0
1988,"COAL_AUS | Coal, Australian",34.875,27.461605636429514,2.997278570470896,0
1988,"COAL_SAFRICA | Coal, South African **",28.104166666666668,6.158627501957376,1.676229083866798,0
1988,COCONUT_OIL | Coconut oil,564.8333333333334,28.807673592927028,7.3953029804397845,0
1988,"CRUDE_BRENT | Crude oil, Brent",14.970833333333333,-18.23591335127943,8.19061449286619,0
1988,"CRUDE_DUBAI | Crude oil, Dubai",13.216666666666667,-21.947753893413505,9.102228691158228,0
1988,"CRUDE_PETRO | Crude oil, average",14.718055555554999,-18.710245828079557,7.904935289882348,0
1988,"CRUDE_WTI | Crude oil, WTI",15.966666666666667,-16.276393025217256,6.9724223496221684,0
1988,GRNUT_OIL | Groundnut oil **,590.3333333333334,18.53991938022351,9.75102001862284,2
1988,"NGAS_EUR | Natural gas, Europe",2.36,-8.880308880308885,2.5635243612666794,0
1988,"NGAS_JP | Liquefied natural gas, Japan",3.34,-0.29850746268657025,0.08617168196860175,0
1988,"NGAS_US | Natural gas, US",1.6816666666666666,1.0948769706101988,7.376373070363136,0
1988,PALM_OIL | Palm oil,437.1666666666667,28.948845187963244,9.830079058742061,0
1988,SOYBEAN_OIL | Soybean oil,463.4166666666667,39.22792186978484,10.34893065491441,1
1988,iNATGAS | Natural gas index,33.90331064772584,-2.5161631632336108,3.940615680754018,0
1989,"COAL_AUS | Coal, Australian",38.0,9.501770098544295,0.0,0
1989,"COAL_SAFRICA | Coal, South African **",31.0,10.634264071039972,0.0,0
1989,COCONUT_OIL | Coconut oil,516.8333333333334,-7.935315751777643,5.15678030938212,0
1989,"CRUDE_BRENT | Crude oil, Brent",18.216666666666665,22.922925451833404,6.235993436833954,0
1989,"CRUDE_DUBAI | Crude oil, Dubai",15.704166666666666,21.146483538507578,6.045370024148529,0
1989,"CRUDE_PETRO | Crude oil, average",17.83888888888917,22.550177909736604,5.729492681509261,0
1989,"CRUDE_WTI | Crude oil, WTI",19.595833333333335,23.57369176169416,5.4961845294555385,0
1989,GRNUT_OIL | Groundnut oil **,774.75,32.64248862232719,5.359430847367996,1
1989,"NGAS_EUR | Natural gas, Europe",2.09,-11.440677966101697,3.3026392517203176,0
1989,"NGAS_JP | Liquefied natural gas, Japan",3.28,-1.7964071856287456,0.518578086098467,0
1989,"NGAS_US | Natural gas, US",1.6966666666666665,1.0263707517477265,9.481515649389237,0
1989,PALM_OIL | Palm oil,350.4166666666667,-19.07705078393823,5.843616610469168,0
1989,SOYBEAN_OIL | Soybean oil,431.5,-5.500644146236836,4.394069344000224,0
1989,iNATGAS | Natural gas index,32.761239051775,-3.33239024876759,6.327289791643627,0
1990,"COAL_AUS | Coal, Australian",39.666666666666664,4.385964912280708,1.8991785170711402,0
1990,"COAL_SAFRICA | Coal, South African **",32.875,6.048387096774189,1.8406165365831866,0
1990,COCONUT_OIL | Coconut oil,336.5,-34.62528922118223,8.302571702559291,1
1990,"CRUDE_BRENT | Crude oil, Brent",23.683333333333334,29.891870498128387,19.278050564731984,1
1990,"CRUDE_DUBAI | Crude oil, Dubai",20.462500000000002,30.235621555137527,21.635423854118105,1
1990,"CRUDE_PETRO | Crude oil, average",22.879166666666666,28.28571246143687,19.18734980143098,1
1990,"CRUDE_WTI | Crude oil, WTI",24.491666666666664,25.255777262690987,17.34951561175861,2
1990,GRNUT_OIL | Groundnut oil **,963.6666666666666,25.543176852553774,2.4632387264590947,0
1990,"NGAS_EUR | Natural gas, Europe",2.82,34.92822966507176,10.082911399723127,1
1990,"NGAS_JP | Liquefied natural gas, Japan",3.64,10.97560975609757,3.168385623601607,0
1990,"NGAS_US | Natural gas, US",1.6983333333333333,-0.1387503141040043,12.701570458588524,0
1990,PALM_OIL | Palm oil,289.75,-15.0987771943456,5.496122535231346,0
1990,SOYBEAN_OIL | Soybean oil,447.3333333333333,3.8968535840912875,2.844551548254298,0
1990,iNATGAS | Natural gas index,36.495775723248336,11.365209825930693,8.407899266131812,0
1991,"COAL_AUS | Coal, Australian",39.666666666666664,0.10829542993285868,0.7127781101106491,0
1991,"COAL_SAFRICA | Coal, South African **",31.5,-3.9187709823383474,2.5471335405424673,0
1991,COCONUT_OIL | Coconut oil,433.0,32.873668996684614,9.317705350825536,1
1991,"CRUDE_BRENT | Crude oil, Brent",20.066666666666666,-8.511755322009655,8.60965312514737,0
1991,"CRUDE_DUBAI | Crude oil, Dubai",16.5625,-12.743098743142516,10.853697457092734,0
1991,"CRUDE_PETRO | Crude oil, average",19.370833333334165,-9.351576209582987,8.713936032385867,0
1991,"CRUDE_WTI | Crude oil, WTI",21.483333333333334,-7.251016238020058,7.531303001514981,0
1991,GRNUT_OIL | Groundnut oil **,894.8333333333334,-6.448700183872707,4.9273739331055975,0
1991,"NGAS_EUR | Natural gas, Europe",3.114166666666667,10.43144208037826,7.840209855008289,0
1991,"NGAS_JP | Liquefied natural gas, Japan",3.99,9.615384615384626,2.77572244802705,0
1991,"NGAS_US | Natural gas, US",1.4866666666666666,-11.35419306777699,12.320508815543922,0
1991,PALM_OIL | Palm oil,339.0,17.298311739950613,5.090432580455561,0
1991,SOYBEAN_OIL | Soybean oil,453.8333333333333,1.5462603982362257,3.5743070384353475,0
1991,iNATGAS | Natural gas index,35.561011586279164,-2.02673678122051,5.643767218626041,0
1992,"COAL_AUS | Coal, Australian",38.5625,-2.784940355263844,2.285385128386633,0
1992,"COAL_SAFRICA | Coal, South African **",28.833333333333332,-8.459835547122076,2.599614362312913,0
1992,COCONUT_OIL | Coconut oil,577.5833333333334,45.44511369324556,7.026764526926146,0
1992,"CRUDE_BRENT | Crude oil, Brent",19.3125,-3.1983308128124777,4.5016712109048544,0
1992,"CRUDE_DUBAI | Crude oil, Dubai",17.1875,4.613982706498006,4.549969769272471,0
1992,"CRUDE_PETRO | Crude oil, average",19.0208333333325,-1.284347848086418,4.339825323817257,0
1992,"CRUDE_WTI | Crude oil, WTI",20.5625,-3.9154825856060835,4.250913485834253,0
1992,GRNUT_OIL | Groundnut oil **,609.9166666666666,-30.411027845329283,4.5164647353623275,0
1992,"NGAS_EUR | Natural gas, Europe",2.558333333333333,-16.95010382272486,2.5124938234605168,0
1992,"NGAS_JP | Liquefied natural gas, Japan",3.5951125833333335,-9.896927736006688,3.474000139251705,0
1992,"NGAS_US | Natural gas, US",1.7716666666666667,19.70045021556473,13.949320495122617,1
1992,PALM_OIL | Palm oil,393.5,16.394218048750307,3.0261124407566298,0
1992,SOYBEAN_OIL | Soybean oil,428.9166666666667,-5.364868828068768,3.8252493801785863,0
1992,iNATGAS | Natural gas index,36.11192267322,1.7512826105571746,8.90155243328713,0
1993,"COAL_AUS | Coal, Australian",31.333333333333332,-18.59833084537868,3.299144395369291,0
1993,"COAL_SAFRICA | Coal, South African **",26.958333333333332,-6.105377717353988,0.534583582582986,0
1993,COCONUT_OIL | Coconut oil,450.25,-19.460200627826186,10.638577663883272,1
1993,"CRUDE_BRENT | Crude oil, Brent",17.020833333333332,-11.557345197715874,4.7917724232224845,0
1993,"CRUDE_DUBAI | Crude oil, Dubai",14.941666666666668,-12.571640961729202,5.436513803928742,0
1993,"CRUDE_PETRO | Crude oil, average",16.841666666668335,-11.06135982525786,4.658768393077275,0
1993,"CRUDE_WTI | Crude oil, WTI",18.5625,-9.314112969319302,4.178556244274304,0
1993,GRNUT_OIL | Groundnut oil **,739.0833333333334,21.767637912784114,6.077539043400539,0
1993,"NGAS_EUR | Natural gas, Europe",2.671666666666667,4.5030508456698355,1.6570310162789705,0
1993,"NGAS_JP | Liquefied natural gas, Japan",3.50659875,-2.366328100654766,1.121637577238412,0
1993,"NGAS_US | Natural gas, US",2.120833333333333,25.169846768876226,12.374115756718409,0
1993,PALM_OIL | Palm oil,377.75,-3.907920501482265,6.104728942531542,0
1993,SOYBEAN_OIL | Soybean oil,480.4166666666667,12.06139756169451,4.620804378608473,0
1993,iNATGAS | Natural gas index,40.83079967514333,15.126274783658245,7.329819078227936,0
1994,"COAL_AUS | Coal, Australian",32.300000000000004,3.2411674347158286,4.005894828420434,0
1994,"COAL_SAFRICA | Coal, South African **",28.5625,5.9733869089215,2.479141072442229,0
1994,COCONUT_OIL | Coconut oil,607.5,35.77159211472371,5.6552385392877,0
1994,"CRUDE_BRENT | Crude oil, Brent",15.83,-5.899154726903284,5.243588057505508,0
1994,"CRUDE_DUBAI | Crude oil, Dubai",14.666666666666666,-0.8101526409023219,6.235197100922626,0
1994,"CRUDE_PETRO | Crude oil, average",15.886666666665834,-4.6718043431859195,5.449183871226431,0
1994,"CRUDE_WTI | Crude oil, WTI",17.163333333333334,-6.632197306152887,5.871750925851031,0
1994,GRNUT_OIL | Groundnut oil **,1022.75,41.09384986312765,2.1892476783176726,0
1994,"NGAS_EUR | Natural gas, Europe",2.4433333333333334,-8.470948933560182,2.4360187040304813,0
1994,"NGAS_JP | Liquefied natural gas, Japan",3.1799999999999997,-9.153441083116288,2.028107126007276,0
1994,"NGAS_US | Natural gas, US",1.92,-7.471857208509495,9.931330917606514,0
1994,PALM_OIL | Palm oil,528.4166666666666,41.81104761551965,7.004861824427933,0
1994,SOYBEAN_OIL | Soybean oil,615.5833333333334,28.508710273602414,5.535370309422077,0
1994,iNATGAS | Natural gas index,37.085246518011665,-8.552482998207939,6.346321437544402,0
1995,"COAL_AUS | Coal, Australian",39.37166666666667,22.09214839263666,2.638008336353812,0
1995,"COAL_SAFRICA | Coal, South African **",35.229166666666664,23.66818682198929,2.3321505154597855,0
1995,COCONUT_OIL | Coconut oil,669.5833333333334,10.43922288209974,4.98051543169929,0
1995,"CRUDE_BRENT | Crude oil, Brent",17.065833333333334,8.578757741809959,5.3325501614687845,0
1995,"CRUDE_DUBAI | Crude oil, Dubai",16.115,11.079704974786216,5.425956952204344,0
1995,"CRUDE_PETRO | Crude oil, average",17.183333333333334,9.156443377956235,4.902980883777374,0
1995,"CRUDE_WTI | Crude oil, WTI",18.36916666666667,8.101008591974754,4.370033332336635,0
1995,GRNUT_OIL | Groundnut oil **,990.9166666666666,-3.0702218608128846,1.3761655461419648,0
1995,"NGAS_EUR | Natural gas, Europe",2.7274999999999996,11.726506128126024,1.5446661858970128,0
1995,"NGAS_JP | Liquefied natural gas, Japan",3.4491666666666667,8.55497493382631,1.4427324251431382,0
1995,"NGAS_US | Natural gas, US",1.7225000000000001,-6.332470263585287,11.91647204608988,1
1995,PALM_OIL | Palm oil,628.25,25.26613355747133,4.979331209332296,0
1995,SOYBEAN_OIL | Soybean oil,625.0833333333334,2.228754585718374,3.335441510300585,0
1995,iNATGAS | Natural gas index,36.22020966874417,-0.8560281696870682,6.796077106257759,0
1996,"COAL_AUS | Coal, Australian",38.07416666666666,-3.1025389564086034,1.6282294902358858,0
1996,"COAL_SAFRICA | Coal, South African **",33.517500000000005,-4.8064441414455645,2.406937722183687,0
1996,COCONUT_OIL | Coconut oil,751.5833333333334,12.661238210585934,3.6988926865578944,0
1996,"CRUDE_BRENT | Crude oil, Brent",20.650000000000002,21.333314353772668,6.512351855181897,0
1996,"CRUDE_DUBAI | Crude oil, Dubai",18.54,15.586656144754206,4.5088324447469255,0
1996,"CRUDE_PETRO | Crude oil, average",20.419999999999998,19.18981358562598,5.671885670505695,0
1996,"CRUDE_WTI | Crude oil, WTI",22.069999999999997,20.391211688554773,6.294358057680357,0
1996,GRNUT_OIL | Groundnut oil **,897.25,-9.440033018485016,1.2951610997094016,0
1996,"NGAS_EUR | Natural gas, Europe",2.8441666666666667,4.29531202874788,5.903524593525911,0
1996,"NGAS_JP | Liquefied natural gas, Japan",3.6675000000000004,6.381485923321665,1.8156459210673266,0
1996,"NGAS_US | Natural gas, US",2.734166666666667,60.82960463385152,24.70441740271575,2
1996,PALM_OIL | Palm oil,530.9166666666666,-15.207088445746416,5.967713166414462,0
1996,PLMKRNL_OIL | Palm kernel oil,728.0,,3.274039484505452,0
1996,SOYBEAN_OIL | Soybean oil,551.5,-11.59526928552742,4.00697962386777,0
1996,iNATGAS | Natural gas index,49.2078049820075,36.37640416123305,17.11920419581912,2
1997,"COAL_AUS | Coal, Australian",35.09916666666667,-7.786575258397614,4.046739066740439,0
1997,"COAL_SAFRICA | Coal, South African **",31.349166666666665,-6.353039302420188,1.394633637782783,0
1997,COCONUT_OIL | Coconut oil,656.8333333333334,-12.323531485449005,4.336592818644686,0
1997,"CRUDE_BRENT | Crude oil, Brent",19.090208333333333,-6.189399308204751,7.195374482275891,0
1997,"CRUDE_DUBAI | Crude oil, Dubai",18.097083333333334,-1.127938612857058,6.779995726716275,0
1997,"CRUDE_PETRO | Crude oil, average",19.171042724868332,-4.846830289414925,6.620631834561263,0
1997,"CRUDE_WTI | Crude oil, WTI",20.325836507936668,-6.644795921010956,6.3001265078450635,0
1997,GRNUT_OIL | Groundnut oil **,1010.4166666666666,12.904891814264488,2.845706425114639,0
1997,"NGAS_EUR | Natural gas, Europe",2.7383333333333333,-3.5113431294714808,1.5462572572121944,0
1997,"NGAS_JP | Liquefied natural gas, Japan",3.908333333333333,7.144191854111508,2.3925916170739945,0
1997,"NGAS_US | Natural gas, US",2.4817500000000003,-3.317899973709244,15.106411624329112,1
1997,PALM_OIL | Palm oil,545.8333333333334,2.8966191918106343,3.312378463260423,0
1997,PLMKRNL_OIL | Palm kernel oil,651.8333333333334,-10.283758145808877,4.374610059655618,0
1997,SOYBEAN_OIL | Soybean oil,564.75,2.838315555164666,5.084830088625522,0
1997,iNATGAS | Natural gas index,45.80264966910334,-4.196059742729242,10.270824035059832,1
1998,"COAL_AUS | Coal, Australian",29.230833333333333,-16.5590734625539,4.663388644380253,0
1998,"COAL_SAFRICA | Coal, South African **",26.839166666666667,-14.002112161473683,1.6796267312465096,0
1998,COCONUT_OIL | Coconut oil,657.9166666666666,2.0166355161944254,6.867072565831726,0
1998,"CRUDE_BRENT | Crude oil, Brent",12.716541666666666,-33.33453740869665,8.567025293763665,0
1998,"CRUDE_DUBAI | Crude oil, Dubai",12.127583333333334,-32.930715314820475,8.166548890253235,0
1998,"CRUDE_PETRO | Crude oil, average",13.064441666666667,-31.795329798052222,7.387123814254257,0
1998,"CRUDE_WTI | Crude oil, WTI",14.349200000000002,-29.34414837422008,6.863918786703762,0
1998,GRNUT_OIL | Groundnut oil **,909.4166666666666,-8.76913036392911,2.271437027363222,0
1998,"NGAS_EUR | Natural gas, Europe",2.415833333333333,-11.877556303013419,1.928104270905613,0
1998,"NGAS_JP | Liquefied natural gas, Japan",3.0191666666666666,-22.882402118959593,2.6831625838708146,0
1998,"NGAS_US | Natural gas, US",2.0869166666666668,-12.833012639688784,9.75098132673869,0
1998,PALM_OIL | Palm oil,671.0833333333334,23.225657931768918,5.054439400107354,0
1998,PLMKRNL_OIL | Palm kernel oil,686.6666666666666,7.023860000624016,7.130325431748566,0
1998,SOYBEAN_OIL | Soybean oil,625.9166666666666,11.581992125918013,3.0018342190711054,0
1998,iNATGAS | Natural gas index,38.87247998349667,-13.82784826888682,6.433938840485654,0
1999,"COAL_AUS | Coal, Australian",25.89166666666667,-10.857522719476401,0.753013014299996,0
1999,"COAL_SAFRICA | Coal, South African **",24.27333333333333,-9.599577093494531,2.8417745716224547,0
1999,COCONUT_OIL | Coconut oil,737.0833333333334,13.364640242275895,8.667278937568934,0
1999,"CRUDE_BRENT | Crude oil, Brent",17.808333333333334,45.720675036964366,9.914118525494056,0
1999,"CRUDE_DUBAI | Crude oil, Dubai",17.165,43.22315904058666,9.095002038292474,0
1999,"CRUDE_PETRO | Crude oil, average",18.071388888888333,41.881649667900916,8.915139305905546,0
1999,"CRUDE_WTI | Crude oil, WTI",19.24083333333333,37.76419730067818,8.285882139413568,0
1999,GRNUT_OIL | Groundnut oil **,832.8416666666667,-8.04881777202559,10.397826124015046,1
1999,"NGAS_EUR | Natural gas, Europe",2.1308333333333334,-10.528740539185808,4.9399768249975375,0
1999,"NGAS_JP | Liquefied natural gas, Japan",3.1374999999999997,5.819759272117989,2.5808804060101487,0
1999,"NGAS_US | Natural gas, US",2.2666666666666666,10.328575838011714,10.141200195650969,0
1999,PALM_OIL | Palm oil,436.0,-34.762182021771935,9.348136825523664,2
1999,PLMKRNL_OIL | Palm kernel oil,694.0833333333334,1.921675201593535,10.338741180722575,0
1999,SOYBEAN_OIL | Soybean oil,426.4683333333333,-31.868866043568286,4.29673507481917,0
1999,iNATGAS | Natural gas index,39.780539278326664,3.811759319741437,6.965052126671703,0
2000,"COAL_AUS | Coal, Australian",26.25,1.4805384246061688,4.029618302205545,0
2000,"COAL_SAFRICA | Coal, South African **",26.570000000000004,10.3243664735011,9.551430797830017,1
2000,COCONUT_OIL | Coconut oil,450.3333333333333,-39.083862674368895,6.1129943163873035,0
2000,"CRUDE_BRENT | Crude oil, Brent",28.27291590909083,70.84159415834577,12.222909539656168,0
2000,"CRUDE_DUBAI | Crude oil, Dubai",26.084117424242503,61.77792560830366,10.988051301794778,0
2000,"CRUDE_PETRO | Crude oil, average",28.229719444445834,66.0275232978825,10.574782000870385,0
2000,"CRUDE_WTI | Crude oil, WTI",30.332125,65.63606220405872,9.250804095878603,0
2000,GRNUT_OIL | Groundnut oil **,756.7624999999999,-7.988816712731144,5.020259309658994,0
2000,"NGAS_EUR | Natural gas, Europe",3.858333333333333,81.82180355873514,7.6437055542025165,1
2000,"NGAS_JP | Liquefied natural gas, Japan",4.7124999999999995,51.437231094923725,2.6466061389700357,0
2000,"NGAS_US | Natural gas, US",4.308333333333334,87.45754601316189,17.108306822433622,1
2000,PALM_OIL | Palm oil,310.25,-27.013560132930348,5.952802130762535,0
2000,PLMKRNL_OIL | Palm kernel oil,443.5,-36.17245717740371,6.624854798099346,0
2000,SOYBEAN_OIL | Soybean oil,338.14000000000004,-20.297042894210335,3.098737976250317,0
2000,iNATGAS | Natural gas index,73.85279959296416,83.199860867648,11.911177146780636,1
2001,"COAL_AUS | Coal, Australian",32.3125,23.81650773956346,3.878994858389885,0
2001,"COAL_SAFRICA | Coal, South African **",33.86416666666667,29.19869315941914,2.140564179701968,0
2001,COCONUT_OIL | Coconut oil,318.0833333333333,-24.659831622639697,7.148094263877594,0
2001,"CRUDE_BRENT | Crude oil, Brent",24.421571535889168,-12.491538782976237,8.946379599205017,0
2001,"CRUDE_DUBAI | Crude oil, Dubai",22.71482058943417,-11.809726119969156,7.806713527927887,0
2001,"CRUDE_PETRO | Crude oil, average",24.351825004292497,-12.689069807328664,7.388109175303094,0
2001,"CRUDE_WTI | Crude oil, WTI",25.919082887555003,-13.559266462576202,6.213383801737376,0
2001,GRNUT_OIL | Groundnut oil **,759.2341666666666,0.7750966458175007,2.1929302157479618,0
2001,"NGAS_EUR | Natural gas, Europe",4.0575,7.200250574139091,4.471727405108183,0
2001,"NGAS_JP | Liquefied natural gas, Japan",4.634166666666666,-1.0085427399053575,1.9053726176188608,0
2001,"NGAS_US | Natural gas, US",3.955833333333333,17.985874349156123,12.610353531612065,1
2001,PALM_OIL | Palm oil,287.4583333333333,-4.968142591731135,12.662152946522053,1
2001,PLMKRNL_OIL | Palm kernel oil,305.30083333333334,-26.35451099010531,8.440957981487951,0
2001,SOYBEAN_OIL | Soybean oil,353.23499999999996,5.332077097558191,14.873305671557192,1
2001,iNATGAS | Natural gas index,70.46602308371418,10.927545693596892,8.582897744471527,1
2002,"COAL_AUS | Coal, Australian",25.309375,-21.375585496000536,4.188904464423102,0
2002,"COAL_SAFRICA | Coal, South African **",26.02416666666667,-22.997772812252332,7.317924358831346,1
2002,COCONUT_OIL | Coconut oil,421.0,32.59151881192219,5.180748961829671,0
2002,"CRUDE_BRENT | Crude oil, Brent",24.969477707773333,4.881265842019516,8.55117317011373,0
2002,"CRUDE_DUBAI | Crude oil, Dubai",23.720599935141667,6.480352341903472,7.900082554919794,0
2002,"CRUDE_PETRO | Crude oil, average",24.927748381805,4.90924622018415,7.765503021884321,0
2002,"CRUDE_WTI | Crude oil, WTI",26.093167502501668,3.706896964385216,7.260169383059883,0
2002,GRNUT_OIL | Groundnut oil **,719.4325,-5.1164328156515,7.084012234617005,0
2002,"NGAS_EUR | Natural gas, Europe",3.0516666666666663,-23.391294033533853,4.252434385277542,0
2002,"NGAS_JP | Liquefied natural gas, Japan",4.281666666666666,-7.32563494187681,4.244432160849732,0
2002,"NGAS_US | Natural gas, US",3.355,5.5069667727163685,12.101410283882844,1
2002,PALM_OIL | Palm oil,410.895,44.410375840742404,5.08194676158215,0
2002,PLMKRNL_OIL | Palm kernel oil,412.51416666666665,35.44730209095425,5.271418272940597,0
2002,RAPESEED_OIL | Rapeseed oil,489.8372727272727,,4.349318595686789,0
2002,SOYBEAN_OIL | Soybean oil,461.71000000000004,30.88451745003033,5.683057475650247,0
2002,SUNFLOWER_OIL | Sunflower oil,577.6666666666666,,3.2894508842791788,0
2002,iNATGAS | Natural gas index,58.149359260365834,-6.221333027917531,8.215671804991366,0
2003,"COAL_AUS | Coal, Australian",26.090625,4.008910925444408,4.863798588091276,0
2003,"COAL_SAFRICA | Coal, South African **",30.235416666666666,17.47260001165275,6.837283967031734,0
2003,COCONUT_OIL | Coconut oil,467.3333333333333,11.549390662584456,6.830008627959187,0
2003,"CRUDE_BRENT | Crude oil, Brent",28.8513905828475,17.6483226738653,8.230166657556625,0
2003,"CRUDE_DUBAI | Crude oil, Dubai",26.738140786749998,14.754470676504598,7.570824078273836,0
2003,"CRUDE_PETRO | Crude oil, average",28.898903189480833,18.168337253472377,7.90746259653157,0
2003,"CRUDE_WTI | Crude oil, WTI",31.107178198845002,21.844833567566667,8.29098728891175,0
2003,GRNUT_OIL | Groundnut oil **,1209.4475,69.48105714730112,2.2390618363816612,0
2003,"NGAS_EUR | Natural gas, Europe",3.9066666666666667,28.511225214136147,3.1329286530595644,0
2003,"NGAS_JP | Liquefied natural gas, Japan",4.730833333333334,10.870560838925163,1.5025867927815932,0
2003,"NGAS_US | Natural gas, US",5.491982666666666,73.84158014672518,19.571878789562152,2
2003,PALM_OIL | Palm oil,476.7033333333334,16.786094455231847,5.882713940241826,0
2003,PLMKRNL_OIL | Palm kernel oil,457.0391666666667,11.852065350979409,7.938196925992751,0
2003,RAPESEED_OIL | Rapeseed oil,593.5833333333334,22.59375164423234,5.289629224674522,0
2003,SOYBEAN_OIL | Soybean oil,558.585,23.581935573922124,4.965760390684833,0
2003,SUNFLOWER_OIL | Sunflower oil,593.3333333333334,2.764197477801115,5.249051741836045,0
2003,iNATGAS | Natural gas index,88.46849097480167,56.94624971151793,14.969519612726353,2
2004,"COAL_AUS | Coal, Australian",52.947916666666664,105.3468489819053,7.4353431851774605,0
2004,"COAL_SAFRICA | Coal, South African **",54.684374999999996,83.81971170676563,8.629834180276351,1
2004,COCONUT_OIL | Coconut oil,660.75,42.89742007078731,5.521147321684039,0
2004,"CRUDE_BRENT | Crude oil, Brent",38.300679681746665,33.64073655942352,9.310445832774798,0
2004,"CRUDE_DUBAI | Crude oil, Dubai",33.455866083193335,25.83656845608149,6.247237714657135,0
2004,"CRUDE_PETRO | Crude oil, average",37.73338770303584,31.42392724774093,7.667719697013675,0
2004,"CRUDE_WTI | Crude oil, WTI",41.44361734416833,34.304693318268185,8.099715695023816,0
2004,GRNUT_OIL | Groundnut oil **,1291.6283333333333,9.313205987973951,2.200961539844587,0
2004,"NGAS_EUR | Natural gas, Europe",4.2775,9.53248811875329,3.2084330058143156,0
2004,"NGAS_JP | Liquefied natural gas, Japan",5.1275,8.430552819353368,1.7349819321383084,0
2004,"NGAS_US | Natural gas, US",5.894867134074167,9.712542788881917,10.07776331639873,0
2004,PALM_OIL | Palm oil,499.2808333333333,5.639087305748603,4.96672977023527,0
2004,PLMKRNL_OIL | Palm kernel oil,657.4499999999999,46.232896050127714,6.0450873169867325,0
2004,RAPESEED_OIL | Rapeseed oil,679.4158333333334,14.669025873433059,4.5237808288866255,0
2004,SOYBEAN_OIL | Soybean oil,618.2258333333333,11.64080626563423,3.7752518701512945,0
2004,SUNFLOWER_OIL | Sunflower oil,684.0833333333334,15.459507889643888,4.241573674741231,0
2004,iNATGAS | Natural gas index,95.3925380776425,9.295189322898795,7.810181478547347,0
2005,"COAL_AUS | Coal, Australian",47.6209027777775,-7.945696244598984,4.134838672418236,0
2005,"COAL_SAFRICA | Coal, South African **",46.19694444444417,-12.907871632554171,6.351756901621262,0
2005,COCONUT_OIL | Coconut oil,616.9791666666666,-6.477220339863447,5.11884372762194,0
2005,"CRUDE_BRENT | Crude oil, Brent",54.434130411255005,43.216200295229434,8.043566967899308,0
2005,"CRUDE_DUBAI | Crude oil, Dubai",49.29415891053333,47.1514602895028,6.401878399707945,0
2005,"CRUDE_PETRO | Crude oil, average",53.39102459679166,41.99675784513127,7.068939452776325,0
2005,"CRUDE_WTI | Crude oil, WTI",56.44478446858333,37.03162202569238,7.1181501741044855,0
2005,GRNUT_OIL | Groundnut oil **,1170.9816666666666,-9.243860666159636,2.375875479150134,0
2005,"NGAS_EUR | Natural gas, Europe",6.326666666666667,47.682842383147666,3.969576273374247,0
2005,"NGAS_JP | Liquefied natural gas, Japan",5.989999999999999,16.75598236205331,2.4257542581627,0
2005,"NGAS_US | Natural gas, US",8.915672826871667,51.7470617348572,16.010604073001467,1
2005,PALM_OIL | Palm oil,450.5641666666667,-8.70824929495562,3.419938823183887,0
2005,PLMKRNL_OIL | Palm kernel oil,630.8216666666667,-3.7439073869331096,6.052814323207265,0
2005,RAPESEED_OIL | Rapeseed oil,675.1541666666667,-0.5414255262121063,3.493215136851332,0
2005,SOYBEAN_OIL | Soybean oil,544.5933333333334,-11.305829917283825,4.6388722474007285,0
2005,SUNFLOWER_OIL | Sunflower oil,677.3333333333334,-0.5332269409044365,3.018961652120661,0
2005,iNATGAS | Natural gas index,142.40132869324583,48.92172461226695,12.06668589484864,1
2006,"COAL_AUS | Coal, Australian",49.08958333333334,4.103910340371495,6.491257069956929,0
2006,"COAL_SAFRICA | Coal, South African **",50.69416666666667,10.480130961519302,6.488054828390057,0
2006,COCONUT_OIL | Coconut oil,606.9097222222225,-0.5962492199847187,3.6271249117948243,0
2006,"CRUDE_BRENT | Crude oil, Brent",65.39138122067332,21.413817634158267,8.078910725558321,0
2006,"CRUDE_DUBAI | Crude oil, Dubai",61.4308120036575,26.12633958541905,6.4642820580452565,0
2006,"CRUDE_PETRO | Crude oil, average",64.28825914020084,21.76803243667592,7.093095007243958,0
2006,"CRUDE_WTI | Crude oil, WTI",66.04258419627168,18.374754904018182,6.895604473282313,0
2006,GRNUT_OIL | Groundnut oil **,1019.4783333333334,-12.362302564630285,2.8093802727191726,0
2006,"NGAS_EUR | Natural gas, Europe",8.470833333333333,34.94355784560151,2.002329974128507,0
2006,"NGAS_JP | Liquefied natural gas, Japan",7.075,18.41969686345143,3.95017809038424,0
2006,"NGAS_US | Natural gas, US",6.719543093984167,-16.504296904864166,18.197991169124208,2
2006,PALM_OIL | Palm oil,508.2991666666667,12.77496819554914,4.542432254996807,0
2006,PLMKRNL_OIL | Palm kernel oil,578.5675,-7.879539292026068,4.375906694496031,0
2006,RAPESEED_OIL | Rapeseed oil,791.0241666666667,17.371469898549513,3.1834222433491184,0
2006,SOYBEAN_OIL | Soybean oil,599.335,10.021043974946815,4.078330793263572,0
2006,SUNFLOWER_OIL | Sunflower oil,658.0,-2.227348574052652,3.714657084928245,0
2006,iNATGAS | Natural gas index,126.6612964670225,-4.932103455494239,12.124565527501138,1
2007,"COAL_AUS | Coal, Australian",65.733125,34.74184854658639,4.517883909166295,0
2007,"COAL_SAFRICA | Coal, South African **",62.65083333333334,24.235826035056064,7.917583395759775,1
2007,COCONUT_OIL | Coconut oil,918.875,50.96459661004371,5.210687876039666,0
2007,"CRUDE_BRENT | Crude oil, Brent",72.6961705259525,12.285194530583356,7.5618872732449605,0
2007,"CRUDE_DUBAI | Crude oil, Dubai",68.36905389915833,12.057058440722942,6.423040579654232,0
2007,"CRUDE_PETRO | Crude oil, average",71.11655901006417,11.684262770946297,6.889085657126354,0
2007,"CRUDE_WTI | Crude oil, WTI",72.28445260508,10.798526217305822,7.1117564285247825,0
2007,GRNUT_OIL | Groundnut oil **,1375.1391666666668,33.87982387963344,5.195833481862338,0
2007,"NGAS_EUR | Natural gas, Europe",8.555,1.0336336863464486,3.206406562977923,0
2007,"NGAS_JP | Liquefied natural gas, Japan",7.683333333333334,8.47876470624329,3.564387334658967,0
2007,"NGAS_US | Natural gas, US",6.981950686994167,5.452291912349735,9.451854367966273,0
2007,PALM_OIL | Palm oil,816.6866666666666,60.19117309300376,4.517173010745318,0
2007,PLMKRNL_OIL | Palm kernel oil,888.4050000000001,54.15638047091696,5.744558985717711,0
2007,RAPESEED_OIL | Rapeseed oil,964.2283333333334,21.494974811298352,4.91772796683917,0
2007,SOYBEAN_OIL | Soybean oil,886.0566666666667,46.816470723811115,3.405952721288375,0
2007,SUNFLOWER_OIL | Sunflower oil,1021.9166666666666,53.749978642405914,5.235766666707718,0
2007,iNATGAS | Natural gas index,130.66007798703416,3.6800956731831533,6.426618585475761,0
2008,"COAL_AUS | Coal, Australian",127.10416666666667,101.09528021367133,19.214065382622323,3
2008,"COAL_SAFRICA | Coal, South African **",120.59833333333334,104.17661457500066,14.42296495515631,2
2008,COCONUT_OIL | Coconut oil,1224.0,38.87926457743251,10.98873540137433,1
2008,"CRUDE_BRENT | Crude oil, Brent",97.63648418188085,40.57851597615474,14.477268623398068,0
2008,"CRUDE_DUBAI | Crude oil, Dubai",93.77713346607834,43.154101866917124,14.743430453086338,1
2008,"CRUDE_PETRO | Crude oil, average",96.99045375846417,42.969359632648235,14.577593422752539,1
2008,"CRUDE_WTI | Crude oil, WTI",99.5577436274325,45.34788626646401,14.696911206464911,3
2008,GRNUT_OIL | Groundnut oil **,2144.7400000000002,63.72664643935087,5.486833173449804,0
2008,"NGAS_EUR | Natural gas, Europe",13.406666666666666,56.521910483790634,5.342495135322531,0
2008,"NGAS_JP | Liquefied natural gas, Japan",12.526666666666666,62.816167374556215,4.545074897336414,0
2008,"NGAS_US | Natural gas, US",8.857202410753333,27.293554494084763,12.856591858404256,0
2008,PALM_OIL | Palm oil,1042.9233333333334,34.72999452870596,11.750396729687614,2
2008,PLMKRNL_OIL | Palm kernel oil,1124.8808333333334,35.724555550933104,13.304636431055467,2
2008,RAPESEED_OIL | Rapeseed oil,1326.0408333333332,45.82247555940327,7.849589250417672,3
2008,SOYBEAN_OIL | Soybean oil,1260.8108333333332,50.73074821609663,9.900535672855742,1
2008,SUNFLOWER_OIL | Sunflower oil,1498.9166666666667,68.5084413436672,12.185847763790965,3
2008,iNATGAS | Natural gas index,179.7779781699575,38.289018462960904,8.36070804445574,0
2009,"COAL_AUS | Coal, Australian",71.84416666666667,-39.27009553277475,8.256496736971377,1
2009,"COAL_SAFRICA | Coal, South African **",64.68333333333334,-42.98391137548605,7.780362208238549,0
2009,COCONUT_OIL | Coconut oil,725.375,-36.212552555311795,9.609759610246225,0
2009,"CRUDE_BRENT | Crude oil, Brent",61.862206890332494,-25.876620962674906,8.14200235824742,0
2009,"CRUDE_DUBAI | Crude oil, Dubai",61.75491975657167,-23.09319651920285,8.367436123964515,0
2009,"CRUDE_PETRO | Crude oil, average",61.75692221550833,-25.690002806371087,8.46384673145487,0
2009,"CRUDE_WTI | Crude oil, WTI",61.653639999619166,-27.90887701836351,10.111931975048016,0
2009,GRNUT_OIL | Groundnut oil **,1352.5966666666666,-36.37041662892161,3.2678804760026603,0
2009,"NGAS_EUR | Natural gas, Europe",8.709999999999999,-31.751946517261633,9.985466115232395,0
2009,"NGAS_JP | Liquefied natural gas, Japan",8.935833333333333,-26.64121509336607,8.968902168728217,2
2009,"NGAS_US | Natural gas, US",3.9502916666666668,-52.20397319479603,19.668791779243502,2
2009,PALM_OIL | Palm oil,741.1458333333334,-20.740128869428773,9.285635939689636,1
2009,PLMKRNL_OIL | Palm kernel oil,699.0216666666666,-27.13196850790801,9.573029819509944,0
2009,RAPESEED_OIL | Rapeseed oil,871.9008333333333,-31.116503237340197,5.883981294738145,1
2009,SOYBEAN_OIL | Soybean oil,853.065,-27.476802181275882,5.755567393515354,0
2009,SUNFLOWER_OIL | Sunflower oil,854.6666666666666,-35.15585938023761,7.295819818534706,0
2009,iNATGAS | Natural gas index,95.43093884111083,-45.51149925752683,13.068853454454546,0
2010,"COAL_AUS | Coal, Australian",98.96604166666667,38.486830260428476,6.7513774097235295,0
2010,"COAL_SAFRICA | Coal, South African **",91.62270833333334,42.20767243215073,7.214678094463454,0
2010,COCONUT_OIL | Coconut oil,1123.5833333333333,55.15602258166169,5.390666497344931,0
2010,"CRUDE_BRENT | Crude oil, Brent",79.63562997992334,33.534196991729836,5.142361548800504,0
2010,"CRUDE_DUBAI | Crude oil, Dubai",78.06115481941667,31.605675258902178,4.8344054050015,0
2010,"CRUDE_PETRO | Crude oil, average",79.0407717847175,33.510325555285384,5.006587712133116,0
2010,"CRUDE_WTI | Crude oil, WTI",79.42553055481334,35.62385181997885,5.613436084117898,0
2010,GRNUT_OIL | Groundnut oil **,1400.9916666666668,5.620434512328789,2.57482728575711,0
2010,"NGAS_EUR | Natural gas, Europe",8.2875,-1.0384024991112997,6.413780317456699,0
2010,"NGAS_JP | Liquefied natural gas, Japan",10.848333333333334,24.960922764127062,4.350829382215901,0
2010,"NGAS_US | Natural gas, US",4.3852537698416665,13.11706472433491,11.050136859370776,0
2010,PALM_OIL | Palm oil,933.0233333333332,26.350898232364813,5.010926285167964,0
2010,PLMKRNL_OIL | Palm kernel oil,1187.405,69.11891173257472,5.212493795339861,0
2010,RAPESEED_OIL | Rapeseed oil,1011.6566666666666,15.906120142008795,5.538999972815572,0
2010,SOYBEAN_OIL | Soybean oil,1000.8558333333334,17.248435859200587,5.115846094189285,0
2010,SUNFLOWER_OIL | Sunflower oil,1074.3333333333333,25.571316462589923,6.848592387301601,0
2010,iNATGAS | Natural gas index,100.0,7.03558200018615,7.104717205654653,0
2011,"COAL_AUS | Coal, Australian",121.44833333333334,23.53425573691389,4.397998764118311,0
2011,"COAL_SAFRICA | Coal, South African **",116.29666666666667,28.393124618392395,3.4181792920209406,0
2011,COCONUT_OIL | Coconut oil,1730.0833333333333,69.66069323807567,12.915011336159036,1
2011,"CRUDE_BRENT | Crude oil, Brent",110.93992536388834,39.81160042795424,5.333996435035116,0
2011,"CRUDE_DUBAI | Crude oil, Dubai",106.03393828554749,36.22317399521169,4.920910218206298,0
2011,"CRUDE_PETRO | Crude oil, average",104.00939752552584,31.930121121827963,5.4398800008546075,0
2011,"CRUDE_WTI | Crude oil, WTI",95.05432892714333,19.86442426277151,7.563224172389827,0
2011,GRNUT_OIL | Groundnut oil **,1866.0900000000001,33.01742989091026,4.432715664984798,0
2011,"NGAS_EUR | Natural gas, Europe",10.514999999999999,27.468039503994845,4.597265075340952,0
2011,"NGAS_JP | Liquefied natural gas, Japan",14.655833333333334,34.85490735989351,3.755816087080907,0
2011,"NGAS_US | Natural gas, US",3.9985785533908333,-7.844641200099171,6.04070862320852,0
2011,PALM_OIL | Palm oil,1193.3700000000001,30.76163107962452,4.565314708643521,0
2011,PLMKRNL_OIL | Palm kernel oil,1653.6449999999998,52.02833561210279,13.033055890936273,1
2011,RAPESEED_OIL | Rapeseed oil,1362.82,38.430960433351174,2.3999046552487138,0
2011,SOYBEAN_OIL | Soybean oil,1297.66,32.75072987030915,2.5341215998009465,0
2011,SUNFLOWER_OIL | Sunflower oil,1597.7091666666665,54.24446814821288,5.458558983796305,0
2011,iNATGAS | Natural gas index,108.47349086895917,9.301056277936231,4.3621773158693555,0
2012,"COAL_AUS | Coal, Australian",96.36416666666666,-20.809434831793663,5.919240356899293,0
2012,"COAL_SAFRICA | Coal, South African **",92.92,-20.107337149529716,4.179964836071366,0
2012,COCONUT_OIL | Coconut oil,1110.8333333333333,-35.428440819383695,4.458214485376192,0
2012,"CRUDE_BRENT | Crude oil, Brent",111.96555833960834,1.2673021414304793,6.842238553271573,0
2012,"CRUDE_DUBAI | Crude oil, Dubai",108.90444988418083,3.007916739142589,6.289434233603267,0
2012,"CRUDE_PETRO | Crude oil, average",105.00962888487668,1.2761489622294804,6.309181837796575,0
2012,"CRUDE_WTI | Crude oil, WTI",94.15887843084415,-0.4508135780448546,6.009963917442829,0
2012,GRNUT_OIL | Groundnut oil **,2359.0583333333334,27.453808242193848,2.247307855754856,0
2012,"NGAS_EUR | Natural gas, Europe",11.473333333333334,9.658811852112573,3.4241680024925873,0
2012,"NGAS_JP | Liquefied natural gas, Japan",16.55333333333333,15.167167306354722,4.095010061896491,0
2012,"NGAS_US | Natural gas, US",2.752041666666667,-29.195741055510847,13.333217414810743,0
2012,PALM_OIL | Palm oil,1043.3975,-12.751140535566341,5.125360615750214,0
2012,PLMKRNL_OIL | Palm kernel oil,1107.3783333333333,-32.15190094514799,4.967724015219666,0
2012,RAPESEED_OIL | Rapeseed oil,1237.7083333333333,-9.03968273608666,2.95326321944187,0
2012,SOYBEAN_OIL | Soybean oil,1225.6025,-5.499857504137188,4.103984615543698,0
2012,SUNFLOWER_OIL | Sunflower oil,1447.6450000000002,-9.367681031303137,5.860696424680968,1
2012,iNATGAS | Natural gas index,99.17776376873667,-8.398775734269499,4.659929094137456,0
2013,"COAL_AUS | Coal, Australian",84.56216919090333,-11.70251996166994,3.4406131621604295,0
2013,"COAL_SAFRICA | Coal, South African **",80.23855943876917,-13.227051786195636,4.344910634788275,0
2013,COCONUT_OIL | Coconut oil,939.4691666666666,-9.4844521977286,9.088310657433858,1
2013,"CRUDE_BRENT | Crude oil, Brent",108.85637454514166,-2.426516781151171,3.466588145556042,0
2013,"CRUDE_DUBAI | Crude oil, Dubai",105.43335233546499,-2.8348721880317487,2.775380246471205,0
2013,"CRUDE_PETRO | Crude oil, average",104.0774974975875,-0.4528271523430059,3.265758064074384,0
2013,"CRUDE_WTI | Crude oil, WTI",97.94276561215334,4.753421524379075,4.668979874676623,0
2013,GRNUT_OIL | Groundnut oil **,1820.6216666666667,-22.300426021957602,6.011518763080297,1
2013,"NGAS_EUR | Natural gas, Europe",11.785833333333334,2.778828097047633,3.375643797864668,0
2013,"NGAS_JP | Liquefied natural gas, Japan",15.955833333333333,-3.3384059476447465,3.1499823391618347,0
2013,"NGAS_US | Natural gas, US",3.7239833333333334,39.872512563310266,7.735722364839902,0
2013,PALM_OIL | Palm oil,870.7258333333333,-15.339754939227575,3.4507585735278545,0
2013,PLMKRNL_OIL | Palm kernel oil,896.9191666666666,-13.437949751957147,6.1751545626636535,0
2013,RAPESEED_OIL | Rapeseed oil,1084.2666666666667,-12.41060659269696,4.052233498107925,0
2013,SOYBEAN_OIL | Soybean oil,1055.3933333333332,-13.83899984855209,2.5005918488687517,0
2013,SUNFLOWER_OIL | Sunflower oil,1155.4075,-20.11398956647282,3.5848027723481306,0
2013,iNATGAS | Natural gas index,112.06122758930167,13.460642954803424,4.266234099658417,0
2014,"COAL_AUS | Coal, Australian",70.13,-16.988149284448017,2.239193002075103,0
2014,"COAL_SAFRICA | Coal, South African **",72.33833333333332,-9.633779813114355,2.394467840025427,0
2014,COCONUT_OIL | Coconut oil,1281.1241666666667,40.65198167475526,4.6908756805133125,0
2014,"CRUDE_BRENT | Crude oil, Brent",98.9375,-8.875315459486012,6.565889135355343,0
2014,"CRUDE_DUBAI | Crude oil, Dubai",96.65499999999999,-8.091862933008999,6.82904764131893,0
2014,"CRUDE_PETRO | Crude oil, average",96.235,-7.336506650633439,6.884082988936836,0
2014,"CRUDE_WTI | Crude oil, WTI",93.1125,-4.6575031740319295,7.462217338113585,0
2014,GRNUT_OIL | Groundnut oil **,1394.985,-23.174335199225784,3.5183134303795205,0
2014,"NGAS_EUR | Natural gas, Europe",10.051666666666668,-14.740715089866939,5.199314761250307,0
2014,"NGAS_JP | Liquefied natural gas, Japan",16.035735552489168,0.5416237246316181,3.0146914963228206,0
2014,"NGAS_US | Natural gas, US",4.369491666666667,18.488621901580085,12.498259819384126,0
2014,PALM_OIL | Palm oil,837.4691666666666,-3.8044420270637254,4.04864056066031,0
2014,PLMKRNL_OIL | Palm kernel oil,1119.6916666666666,27.58770659392844,7.2954467913853644,0
2014,RAPESEED_OIL | Rapeseed oil,911.6633333333334,-15.830388926941724,3.4877316221597705,0
2014,SOYBEAN_OIL | Soybean oil,905.9691666666666,-14.11130674041519,2.6147905772616764,0
2014,SUNFLOWER_OIL | Sunflower oil,920.2958333333332,-19.78820060955827,3.725690112926139,0
2014,iNATGAS | Natural gas index,111.70982886732082,-0.14672480916867534,5.865720505915962,0
2015,"COAL_AUS | Coal, Australian",58.939166666666665,-15.845221264259195,6.70904553597594,0
2015,"COAL_SAFRICA | Coal, South African **",56.708333333333336,-21.608506746406842,5.709207145529377,0
2015,COCONUT_OIL | Coconut oil,1103.5116666666665,-13.510820625164186,4.573188161483523,0
2015,"CRUDE_BRENT | Crude oil, Brent",52.370000000000005,-46.769490889061906,12.05188035025689,0
2015,"CRUDE_DUBAI | Crude oil, Dubai",51.17916666666667,-46.90290658908467,12.571753755928876,0
2015,"CRUDE_PETRO | Crude oil, average",50.752777777778334,-46.988298280065216,11.581175275679373,0
2015,"CRUDE_WTI | Crude oil, WTI",48.70916666666667,-47.29286662542258,11.172490559808983,0
2015,GRNUT_OIL | Groundnut oil **,1377.9591666666665,-1.0815328002069384,1.0670340833601708,0
2015,"NGAS_EUR | Natural gas, Europe",6.821183078340834,-32.433006055692424,5.472391584710845,0
2015,"NGAS_JP | Liquefied natural gas, Japan",10.934687423509168,-32.039199444684876,7.4283571821906085,2
2015,"NGAS_US | Natural gas, US",2.6137083333333333,-39.65252368089912,6.527902648549914,0
2015,PALM_OIL | Palm oil,663.3908333333333,-20.603366025720756,4.346193226353542,0
2015,PLMKRNL_OIL | Palm kernel oil,903.3491666666667,-18.746616328143226,7.327344899555278,0
2015,RAPESEED_OIL | Rapeseed oil,784.6475,-13.358084369035602,4.504525710249012,0
2015,SOYBEAN_OIL | Soybean oil,755.6325,-16.235891616140055,3.3453303347368935,0
2015,SUNFLOWER_OIL | Sunflower oil,888.4775,-3.1244312182678615,4.709153064938813,0
2015,iNATGAS | Natural gas index,71.57513725025,-35.996683360077476,4.821977224563066,0
2016,"COAL_AUS | Coal, Australian",66.12333333333333,14.893836402940252,11.200075056275503,1
2016,"COAL_SAFRICA | Coal, South African **",63.946666666666665,15.268912403024954,7.443310570243773,1
2016,COCONUT_OIL | Coconut oil,1481.7766666666666,34.66694123100635,7.6062285338492845,0
2016,"CRUDE_BRENT | Crude oil, Brent",44.04749999999999,-13.233338195272294,10.41865759104265,0
2016,"CRUDE_DUBAI | Crude oil, Dubai",41.200833333333335,-16.278739448627157,12.200076398626313,0
2016,"CRUDE_PETRO | Crude oil, average",42.811944444445,-13.065778180042761,11.101792916565369,0
2016,"CRUDE_WTI | Crude oil, WTI",43.1875,-9.3758181603685,11.436014402601854,1
2016,GRNUT_OIL | Groundnut oil **,1380.6308333333334,0.16544915484908626,2.591730040687362,0
2016,"NGAS_EUR | Natural gas, Europe",4.5634228440025,-30.21441213932052,11.181784114169364,0
2016,"NGAS_JP | Liquefied natural gas, Japan",7.372443957990833,-31.093361041999056,6.318027306559042,0
2016,"NGAS_US | Natural gas, US",2.4922166666666667,-1.1689726379235428,18.207370992711816,2
2016,PALM_OIL | Palm oil,735.7033333333334,11.927275031418048,6.550717930995395,0
2016,PLMKRNL_OIL | Palm kernel oil,1301.3191666666667,47.68282046049086,8.83192041518355,1
2016,RAPESEED_OIL | Rapeseed oil,827.7416666666667,5.526137682743694,3.948023750990089,0
2016,SOYBEAN_OIL | Soybean oil,814.9941666666667,8.059027487999176,2.378897577984062,0
2016,SUNFLOWER_OIL | Sunflower oil,867.3208333333333,-2.0997228920610875,2.359357858815555,0
2016,iNATGAS | Natural gas index,56.95308992058333,-17.413516987851974,9.772398818335965,0
2017,"COAL_AUS | Coal, Australian",88.51833333333333,40.242157362752344,6.619964973614871,0
2017,"COAL_SAFRICA | Coal, South African **",85.14916666666666,37.07484789510577,4.848387717962757,0
2017,COCONUT_OIL | Coconut oil,1650.6499999999999,13.124570139020697,8.95419226320533,0
2017,"CRUDE_BRENT | Crude oil, Brent",54.392500000000005,26.380140110514347,5.180139368151196,0
2017,"CRUDE_DUBAI | Crude oil, Dubai",53.115833333333335,33.268870329657105,5.0126906651287575,0
2017,"CRUDE_PETRO | Crude oil, average",52.80499999999916,26.819421788300108,4.999460037108204,0
2017,"CRUDE_WTI | Crude oil, WTI",50.906666666666666,21.299602405768468,4.97228578639849,0
2017,GRNUT_OIL | Groundnut oil **,1460.7925000000002,5.846275217202714,2.0978458355088088,0
2017,"NGAS_EUR | Natural gas, Europe",5.717043303929167,26.112773295292012,8.038878257865239,0
2017,"NGAS_JP | Liquefied natural gas, Japan",8.6061241944725,18.107565116740282,3.5256310511238236,0
2017,"NGAS_US | Natural gas, US",2.9610749999999997,24.921125773412026,6.1075315247028685,0
2017,PALM_OIL | Palm oil,750.8133333333334,2.9656596327381677,3.1002220223568906,0
2017,PLMKRNL_OIL | Palm kernel oil,1288.4633333333334,3.3887854815078597,10.606344645731504,1
2017,RAPESEED_OIL | Rapeseed oil,879.8158333333334,6.634454523433909,4.187975476972724,0
2017,SOYBEAN_OIL | Soybean oil,850.3966666666666,4.625446148421069,2.9038025864719,0
2017,SUNFLOWER_OIL | Sunflower oil,817.8850000000001,-5.686400533487063,2.0946181493417093,0
2017,iNATGAS | Natural gas index,68.96670241669834,23.41880099217467,4.264985519511814,0
2018,"COAL_AUS | Coal, Australian",107.0225,21.89299206265458,6.418753225699393,0
2018,"COAL_SAFRICA | Coal, South African **",97.64333333333333,15.358519966995933,5.4510325596842435,0
2018,COCONUT_OIL | Coconut oil,996.77,-39.61368053251011,5.169177967572945,0
2018,"CRUDE_BRENT | Crude oil, Brent",71.07166666666667,32.30267367014496,8.5382789657528,0
2018,"CRUDE_DUBAI | Crude oil, Dubai",69.15166666666666,31.506377028535912,8.208667976934478,0
2018,"CRUDE_PETRO | Crude oil, average",68.34750000000084,30.863356985393196,8.310397556185778,0
2018,"CRUDE_WTI | Crude oil, WTI",64.81916666666666,28.663592046869542,8.525898160874572,0
2018,GRNUT_OIL | Groundnut oil **,1446.0491666666667,-0.917764180770635,1.7431483542000956,0
2018,"NGAS_EUR | Natural gas, Europe",7.681679653868334,35.73431768098072,7.22540375478231,0
2018,"NGAS_JP | Liquefied natural gas, Japan",10.669875822784165,24.084021950076973,2.3692502299728573,0
2018,"NGAS_US | Natural gas, US",3.159725,6.870245488570546,16.92994849237076,2
2018,PALM_OIL | Palm oil,638.6558333333334,-15.049109022131184,3.2349802406040573,0
2018,PLMKRNL_OIL | Palm kernel oil,926.4766666666668,-26.810996802117483,5.3862868387482905,0
2018,RAPESEED_OIL | Rapeseed oil,830.0308333333332,-5.573754529188136,2.9499100607267796,0
2018,SOYBEAN_OIL | Soybean oil,789.1175,-6.992030089680306,1.4945057676061997,0
2018,SUNFLOWER_OIL | Sunflower oil,765.4966666666666,-6.357919176543015,1.5330144780632007,0
2018,iNATGAS | Natural gas index,82.11698995069666,18.884864436279905,7.813162908807804,0
2019,"COAL_AUS | Coal, Australian",77.88583333333334,-26.45507884912628,4.465949578784488,0
2019,"COAL_SAFRICA | Coal, South African **",71.94166666666666,-25.82808881566068,6.961010846233432,0
2019,COCONUT_OIL | Coconut oil,735.6508333333333,-23.005052807367818,9.154787142096318,1
2019,"CRUDE_BRENT | Crude oil, Brent",64.03166666666667,-8.983602043715571,6.028220588149083,0
2019,"CRUDE_DUBAI | Crude oil, Dubai",63.1775,-7.68880617060347,5.924727083237691,0
2019,"CRUDE_PETRO | Crude oil, average",61.40749999999917,-9.225778301846761,5.976915993495943,0
2019,"CRUDE_WTI | Crude oil, WTI",57.01333333333333,-10.974410721317412,6.2679973734508625,0
2019,GRNUT_OIL | Groundnut oil **,1407.3741666666667,-2.6739721067837947,2.2071128024141298,0
2019,"NGAS_EUR | Natural gas, Europe",4.8023512661925,-36.00264169889659,12.02622776388315,0
2019,"NGAS_JP | Liquefied natural gas, Japan",10.564301899006667,-0.07343971288524627,4.08881735052761,0
2019,"NGAS_US | Natural gas, US",2.5658833333333333,-16.886260402790448,11.698004423132328,0
2019,PALM_OIL | Palm oil,601.3666666666667,-4.2444962240925355,6.584828441377597,0
2019,PLMKRNL_OIL | Palm kernel oil,665.39,-25.822839528634574,13.002964562583221,2
2019,RAPESEED_OIL | Rapeseed oil,857.1866666666666,3.2642047899677635,2.462629853969887,0
2019,SOYBEAN_OIL | Soybean oil,765.44,-2.5636333087285728,3.373355493579857,0
2019,SUNFLOWER_OIL | Sunflower oil,741.1033333333334,-2.747932571642935,1.5949498651330103,0
2019,iNATGAS | Natural gas index,61.14597573991167,-24.595126185355486,8.408271096599806,0
2020,"COAL_AUS | Coal, Australian",60.785,-20.558317641238347,10.892823957279141,1
2020,"COAL_SAFRICA | Coal, South African **",65.65666666666667,-8.815954105697442,10.86012607997595,1
2020,COCONUT_OIL | Coconut oil,1010.4037141479876,36.677510948318236,9.495198682189603,1
2020,"CRUDE_BRENT | Crude oil, Brent",42.300000000000004,-33.09258105382326,21.232607591339256,3
2020,"CRUDE_DUBAI | Crude oil, Dubai",42.165,-32.44058593196545,21.37432476856139,3
2020,"CRUDE_PETRO | Crude oil, average",41.25777777777834,-31.93195232301983,23.71133295083494,4
2020,"CRUDE_WTI | Crude oil, WTI",39.30833333333333,-30.04999512473802,30.994694291124077,4
2020,GRNUT_OIL | Groundnut oil **,1697.811990954581,20.428805489090433,3.906761710833682,0
2020,"NGAS_EUR | Natural gas, Europe",3.242024039394167,-31.830294156942443,26.654380968192548,3
2020,"NGAS_JP | Liquefied natural gas, Japan",8.313347570848334,-21.467885298104648,9.297610612544238,2
2020,"NGAS_US | Natural gas, US",2.014375,-20.34676941913425,13.889750399666475,1
2020,PALM_OIL | Palm oil,751.7661576212475,24.589874251197415,8.841666987461304,0
2020,PLMKRNL_OIL | Palm kernel oil,824.0723504273509,23.661153506135516,13.206745489812521,1
2020,RAPESEED_OIL | Rapeseed oil,906.4321537216825,5.54214754669021,6.479248809862254,0
2020,SOYBEAN_OIL | Soybean oil,837.75632231405,9.206536467210173,6.637629119931773,0
2020,SUNFLOWER_OIL | Sunflower oil,880.988337850045,18.455015477852907,6.302898712517019,0
2020,iNATGAS | Natural gas index,45.50604354308334,-24.725855022289,13.023640192418041,1
2021,"COAL_AUS | Coal, Australian",138.04999999999998,134.31824330951096,13.906783752623973,3
2021,"COAL_SAFRICA | Coal, South African **",119.84022928152416,88.45116772698891,16.69806024451259,2
2021,COCONUT_OIL | Coconut oil,1636.3133333333335,66.09215508607306,10.467484316607017,1
2021,"CRUDE_BRENT | Crude oil, Brent",70.44333333333333,77.6664903369983,6.9332381899281685,0
2021,"CRUDE_DUBAI | Crude oil, Dubai",68.80499999999999,73.60259941001242,6.836486528250586,0
2021,"CRUDE_PETRO | Crude oil, average",69.070555555555,79.53342375177475,7.0975316922459335,0
2021,"CRUDE_WTI | Crude oil, WTI",67.96333333333332,89.42324558279564,7.607039998790181,0
2021,GRNUT_OIL | Groundnut oil **,2075.093699851004,23.905484494290835,0.6379437215397858,0
2021,"NGAS_EUR | Natural gas, Europe",16.115877948375,382.911954487648,19.14762183802861,3
2021,"NGAS_JP | Liquefied natural gas, Japan",10.761649023844166,38.92736770663425,10.320503063081583,3
2021,"NGAS_US | Natural gas, US",3.8514083333333335,91.68260093992575,32.91480332134958,2
2021,PALM_OIL | Palm oil,1130.5766666666666,52.83117482279656,6.066939190069959,0
2021,PLMKRNL_OIL | Palm kernel oil,1533.0816666666667,89.1462740159417,10.653193945914193,1
2021,RAPESEED_OIL | Rapeseed oil,1502.3308333333334,66.24013070886521,6.972419774373353,1
2021,SOYBEAN_OIL | Soybean oil,1385.4066666666668,68.23915911007786,6.690581084908886,0
2021,SUNFLOWER_OIL | Sunflower oil,1404.0939758355908,64.07265827748137,9.028282817635672,2
2021,iNATGAS | Natural gas index,130.67448026946417,178.70165352951054,18.62352336394516,4
2022,"COAL_AUS | Coal, Australian",344.8933333333334,161.20177244147413,14.58958505800229,2
2022,"COAL_SAFRICA | Coal, South African **",240.5569767983675,116.13403715332451,19.89216151754826,4
2022,COCONUT_OIL | Coconut oil,1634.6375,2.0619066468176803,9.689885908770911,0
2022,"CRUDE_BRENT | Crude oil, Brent",99.82416666666667,43.54219126959607,10.991721692977558,0
2022,"CRUDE_DUBAI | Crude oil, Dubai",97.04916666666666,42.913411890064516,10.816072052212842,0
2022,"CRUDE_PETRO | Crude oil, average",97.10138888888918,42.54876914739754,10.733618264889804,0
2022,"CRUDE_WTI | Crude oil, WTI",94.43083333333334,41.1705268704651,10.58357534925366,0
2022,GRNUT_OIL | Groundnut oil **,2202.5525000000002,6.33633426493997,6.110987152845927,0
2022,"NGAS_EUR | Natural gas, Europe",40.34015714220167,241.63159530597042,30.35588203420071,6
2022,"NGAS_JP | Liquefied natural gas, Japan",18.426924838624167,74.76807095763606,11.05605268399362,2
2022,"NGAS_US | Natural gas, US",6.368316666666666,77.42987867890814,17.27322837894364,1
2022,PALM_OIL | Palm oil,1275.9916666666666,16.06467750285869,12.448505561278118,1
2022,PLMKRNL_OIL | Palm kernel oil,1616.7266666666667,9.730261749653899,11.879850354332184,0
2022,RAPESEED_OIL | Rapeseed oil,1756.7299999999998,21.33329613035881,10.554395011095577,3
2022,SOYBEAN_OIL | Soybean oil,1666.7975,21.315344018217335,10.18982803540701,1
2022,SUNFLOWER_OIL | Sunflower oil,1650.8083333333334,16.77837920064417,19.30677529184971,2
2022,iNATGAS | Natural gas index,281.5929704043125,152.2847584938509,21.19123780363177,4
2023,"COAL_AUS | Coal, Australian",172.77916666666667,-43.37456596671435,13.504442418644816,2
2023,"COAL_SAFRICA | Coal, South African **",119.10575833333333,-47.22182361278658,13.571464100292799,3
2023,COCONUT_OIL | Coconut oil,1075.1850000000002,-29.911911124649993,3.9865930384590134,0
2023,"CRUDE_BRENT | Crude oil, Brent",82.61625,-15.729259787917991,6.732313094934819,0
2023,"CRUDE_DUBAI | Crude oil, Dubai",81.98166666666667,-14.024804384183122,6.84291689744282,0
2023,"CRUDE_PETRO | Crude oil, average",80.7556944444425,-15.321773405318302,6.894955215006582,0
2023,"CRUDE_WTI | Crude oil, WTI",77.66916666666667,-16.182042185073627,7.232887197704447,0
2023,GRNUT_OIL | Groundnut oil **,2034.655,-7.323320794293263,4.942479860838198,0
2023,"NGAS_EUR | Natural gas, Europe",13.1134032461975,-63.65506434739009,19.170435297786028,3
2023,"NGAS_JP | Liquefied natural gas, Japan",14.3871079966825,-18.782336081599734,7.15433655270087,2
2023,"NGAS_US | Natural gas, US",2.537808333333333,-57.42764511610301,15.805931231076746,1
2023,PALM_OIL | Palm oil,886.4533333333334,-26.767965224092453,5.304084845123862,0
2023,PLMKRNL_OIL | Palm kernel oil,990.4941666666667,-32.87152771787146,4.182921794714064,0
2023,RAPESEED_OIL | Rapeseed oil,1065.1408333333334,-37.05354487569645,5.456262962909507,0
2023,SOYBEAN_OIL | Soybean oil,1118.5016666666668,-31.76003437147615,6.080636620968128,0
2023,SUNFLOWER_OIL | Sunflower oil,1006.6991666666667,-36.322342098534165,6.379049371783477,0
2023,iNATGAS | Natural gas index,102.90549072049167,-60.3106937251761,15.676390733446533,1
2024,"COAL_AUS | Coal, Australian",136.14666666666668,-15.832505767266554,6.0537775991861755,0
2024,"COAL_SAFRICA | Coal, South African **",105.77441666666665,-8.235095971012777,0.8803554230889792,0
2024,COCONUT_OIL | Coconut oil,1518.658869288516,41.19975488124562,4.376695394929339,0
2024,"CRUDE_BRENT | Crude oil, Brent",80.69866666666667,-1.7516388554404567,4.784798710056684,0
2024,"CRUDE_DUBAI | Crude oil, Dubai",79.65833333333335,-2.2125533618194275,4.322141516072164,0
2024,"CRUDE_PETRO | Crude oil, average",78.7337222222225,-1.8993540342050206,4.521661362501374,0
2024,"CRUDE_WTI | Crude oil, WTI",75.84416666666667,-1.7119447524482752,4.661357935260195,0
2024,GRNUT_OIL | Groundnut oil **,1795.515365314889,-11.62818669383526,2.2278295999924405,0
2024,"NGAS_EUR | Natural gas, Europe",10.962309532595834,-11.903897312764038,10.799980607218062,0
2024,"NGAS_JP | Liquefied natural gas, Japan",12.84421395663,-8.954852002044543,4.317754810788025,0
2024,"NGAS_US | Natural gas, US",2.1911083333333337,-13.54461438528537,24.503902283404702,3
2024,PALM_OIL | Palm oil,963.3648258333333,9.885186212310844,4.99452975108931,0
2024,PLMKRNL_OIL | Palm kernel oil,1411.7308129554167,43.65487141585487,8.628472059124139,1
2024,RAPESEED_OIL | Rapeseed oil,1089.3890968508615,3.0115150724732094,4.406841261965957,0
2024,SOYBEAN_OIL | Soybean oil,1021.9542980012442,-7.931416938207431,5.411371076680275,0
2024,SUNFLOWER_OIL | Sunflower oil,1059.9750000000001,6.924249035548218,4.250393628612956,0
2024,iNATGAS | Natural gas index,87.42384159630666,-12.751373903335386,11.265218946382044,1
2025,"COAL_AUS | Coal, Australian",108.39083333333333,-20.14319782272446,5.384310584742057,0
2025,"COAL_SAFRICA | Coal, South African **",94.87962499999999,-10.29268412605631,0.9687676697405141,0
2025,COCONUT_OIL | Coconut oil,2480.2166666666667,66.59260445954028,7.299492190854513,0
2025,"CRUDE_BRENT | Crude oil, Brent",69.03525,-14.303864931888311,5.356201901926429,0
2025,"CRUDE_DUBAI | Crude oil, Dubai",68.34833333333333,-13.962994623056579,5.4186849490258435,0
2025,"CRUDE_PETRO | Crude oil, average",67.42536111111083,-14.175796737725122,5.334199712185742,0
2025,"CRUDE_WTI | Crude oil, WTI",64.8925,-14.247801791263528,5.389954342554483,0
2025,GRNUT_OIL | Groundnut oil **,1666.0861343441518,-7.15265156700399,2.1732532024590405,0
2025,"NGAS_EUR | Natural gas, Europe",11.961394540388333,14.76894386771282,6.679703279561253,0
2025,"NGAS_JP | Liquefied natural gas, Japan",12.037025123266666,-6.117226858762213,2.313170702679702,0
2025,"NGAS_US | Natural gas, US",3.5252250000000003,68.88317571860038,14.04403880829222,1
2025,PALM_OIL | Palm oil,1006.9479038115442,5.89912980772013,5.056395356691839,0
2025,PLMKRNL_OIL | Palm kernel oil,2093.3347251249265,55.116898054132264,6.980505687408319,0
2025,RAPESEED_OIL | Rapeseed oil,1226.3220489870234,12.920540400163963,2.712921168889593,0
2025,SOYBEAN_OIL | Soybean oil,1139.5595916337281,11.711885562537708,5.70338007539153,0
2025,SUNFLOWER_OIL | Sunflower oil,1263.611830531665,19.938576846640768,2.1151855931450667,0
2025,iNATGAS | Natural gas index,107.82727474869417,27.241092707724345,7.32252369779672,0
2026,"COAL_AUS | Coal, Australian",124.41749999999999,17.333737538735885,9.558118668919835,0
2026,"COAL_SAFRICA | Coal, South African **",92.59833426729,-6.631585780425358,1.3464928195226973,0
2026,COCONUT_OIL | Coconut oil,2291.5365449809424,4.84093664424565,4.187092799762437,0
2026,"CRUDE_BRENT | Crude oil, Brent",90.498,24.886859610182434,18.61821057222015,1
2026,"CRUDE_DUBAI | Crude oil, Dubai",79.21,9.407261950361683,15.580438553087207,1
2026,"CRUDE_PETRO | Crude oil, average",82.78933333333251,16.6072977422964,16.992210033898154,1
2026,"CRUDE_WTI | Crude oil, WTI",78.66,15.3795345516376,17.454136010501312,1
2026,GRNUT_OIL | Groundnut oil **,1781.01,6.647620329580267,8.504773717854103,0
2026,"NGAS_EUR | Natural gas, Europe",14.077718780904998,5.4204324449413885,32.94283778686237,1
2026,"NGAS_JP | Liquefied natural gas, Japan",11.477260859425,-10.302465287837158,1.5642297992765335,0
2026,"NGAS_US | Natural gas, US",4.25595,6.522390702904705,55.40003786038307,2
2026,PALM_OIL | Palm oil,1075.195,2.639204691407299,1.802224599603315,0
2026,PLMKRNL_OIL | Palm kernel oil,2400.852810076745,18.936093984824247,4.454758940640938,0
2026,RAPESEED_OIL | Rapeseed oil,1283.1304700370674,7.905080320114383,2.977571406549967,0
2026,SOYBEAN_OIL | Soybean oil,1388.1575,30.69327071432061,5.424254404797627,1
2026,SUNFLOWER_OIL | Sunflower oil,1457.3325,19.343407501839415,2.898485334232924,0
2026,iNATGAS | Natural gas index,126.3824509919125,4.149263102527433,36.44132810007889,2
