series,forecast_month,baseline_forecast,lower_band,upper_band,historical_jump_risk,method
"COAL_AUS | Coal, Australian",2026-05-01,113.35050668159481,96.11554795977429,130.58546540341533,0.075,12m_average_plus_recent_yoy_trend
"COAL_AUS | Coal, Australian",2026-06-01,112.5196485164687,95.28468979464819,129.75460723828922,0.075,12m_average_plus_recent_yoy_trend
"COAL_AUS | Coal, Australian",2026-07-01,111.6948805340049,94.45992181218438,128.9298392558254,0.075,12m_average_plus_recent_yoy_trend
"COAL_AUS | Coal, Australian",2026-08-01,110.87615809322085,93.64119937140033,128.11111681504138,0.075,12m_average_plus_recent_yoy_trend
"COAL_AUS | Coal, Australian",2026-09-01,110.06343688035199,92.82847815853147,127.2983956021725,0.075,12m_average_plus_recent_yoy_trend
"COAL_AUS | Coal, Australian",2026-10-01,109.25667290645322,92.0217141846327,126.49163162827374,0.075,12m_average_plus_recent_yoy_trend
"COAL_AUS | Coal, Australian",2026-11-01,108.455822505018,91.22086378319749,125.69078122683852,0.075,12m_average_plus_recent_yoy_trend
"COAL_AUS | Coal, Australian",2026-12-01,107.66084232961494,90.42588360779442,124.89580105143546,0.075,12m_average_plus_recent_yoy_trend
"COAL_AUS | Coal, Australian",2027-01-01,106.87168935154149,89.63673062972097,124.10664807336201,0.075,12m_average_plus_recent_yoy_trend
"COAL_AUS | Coal, Australian",2027-02-01,106.08832085749515,88.85336213567463,123.32327957931567,0.075,12m_average_plus_recent_yoy_trend
"COAL_AUS | Coal, Australian",2027-03-01,105.31069444726155,88.07573572544104,122.54565316908207,0.075,12m_average_plus_recent_yoy_trend
"COAL_AUS | Coal, Australian",2027-04-01,104.53876803141945,87.30380930959893,121.77372675323997,0.075,12m_average_plus_recent_yoy_trend
"COAL_AUS | Coal, Australian",2027-05-01,103.77249982906274,86.53754110724222,121.00745855088326,0.075,12m_average_plus_recent_yoy_trend
"COAL_AUS | Coal, Australian",2027-06-01,103.0118483655389,85.77688964371838,120.24680708735941,0.075,12m_average_plus_recent_yoy_trend
"COAL_AUS | Coal, Australian",2027-07-01,102.25677247020425,85.02181374838374,119.49173119202477,0.075,12m_average_plus_recent_yoy_trend
"COAL_AUS | Coal, Australian",2027-08-01,101.50723127419558,84.27227255237506,118.7421899960161,0.075,12m_average_plus_recent_yoy_trend
"COAL_AUS | Coal, Australian",2027-09-01,100.76318420821801,83.52822548639749,117.99814293003853,0.075,12m_average_plus_recent_yoy_trend
"COAL_AUS | Coal, Australian",2027-10-01,100.02459100034929,82.78963227852877,117.25954972216981,0.075,12m_average_plus_recent_yoy_trend
"COAL_AUS | Coal, Australian",2027-11-01,99.29141167385993,82.05645295203941,116.52637039568044,0.075,12m_average_plus_recent_yoy_trend
"COAL_AUS | Coal, Australian",2027-12-01,98.56360654504951,81.32864782322899,115.79856526687003,0.075,12m_average_plus_recent_yoy_trend
"COAL_AUS | Coal, Australian",2028-01-01,97.84113622109878,80.60617749927826,115.0760949429193,0.075,12m_average_plus_recent_yoy_trend
"COAL_AUS | Coal, Australian",2028-02-01,97.12396159793747,79.88900287611695,114.35892031975798,0.075,12m_average_plus_recent_yoy_trend
"COAL_AUS | Coal, Australian",2028-03-01,96.4120438581278,79.17708513630728,113.64700257994832,0.075,12m_average_plus_recent_yoy_trend
"COAL_AUS | Coal, Australian",2028-04-01,95.70534446876346,78.47038574694294,112.94030319058398,0.075,12m_average_plus_recent_yoy_trend
"COAL_AUS | Coal, Australian",2028-05-01,95.00382517938395,77.76886645756343,112.23878390120447,0.075,12m_average_plus_recent_yoy_trend
"COAL_AUS | Coal, Australian",2028-06-01,94.30744801990433,77.07248929808381,111.54240674172485,0.075,12m_average_plus_recent_yoy_trend
"COAL_AUS | Coal, Australian",2028-07-01,93.61617529856001,76.38121657673949,110.85113402038053,0.075,12m_average_plus_recent_yoy_trend
"COAL_AUS | Coal, Australian",2028-08-01,92.9299695998667,75.69501087804618,110.16492832168721,0.075,12m_average_plus_recent_yoy_trend
"COAL_AUS | Coal, Australian",2028-09-01,92.24879378259521,75.0138350607747,109.48375250441573,0.075,12m_average_plus_recent_yoy_trend
"COAL_AUS | Coal, Australian",2028-10-01,91.57261097776133,74.33765225594081,108.80756969958185,0.075,12m_average_plus_recent_yoy_trend
"COAL_AUS | Coal, Australian",2028-11-01,90.90138458663003,73.66642586480951,108.13634330845055,0.075,12m_average_plus_recent_yoy_trend
"COAL_AUS | Coal, Australian",2028-12-01,90.23507827873478,73.00011955691426,107.4700370005553,0.075,12m_average_plus_recent_yoy_trend
"COAL_AUS | Coal, Australian",2029-01-01,89.57365598991095,72.33869726809043,106.80861471173147,0.075,12m_average_plus_recent_yoy_trend
"COAL_AUS | Coal, Australian",2029-02-01,88.91708192034396,71.68212319852344,106.15204064216448,0.075,12m_average_plus_recent_yoy_trend
"COAL_AUS | Coal, Australian",2029-03-01,88.26532053263152,71.030361810811,105.50027925445204,0.075,12m_average_plus_recent_yoy_trend
"COAL_AUS | Coal, Australian",2029-04-01,87.61833654986015,70.38337782803963,104.85329527168066,0.075,12m_average_plus_recent_yoy_trend
"COAL_SAFRICA | Coal, South African **",2026-05-01,91.82655620686104,84.08918708171859,99.56392533200349,0.09166666666666666,12m_average_plus_recent_yoy_trend
"COAL_SAFRICA | Coal, South African **",2026-06-01,91.01789400586274,83.2805248807203,98.7552631310052,0.09166666666666666,12m_average_plus_recent_yoy_trend
"COAL_SAFRICA | Coal, South African **",2026-07-01,90.21635321486103,82.47898408971858,97.95372234000348,0.09166666666666666,12m_average_plus_recent_yoy_trend
"COAL_SAFRICA | Coal, South African **",2026-08-01,89.42187111980759,81.68450199466514,97.15924024495004,0.09166666666666666,12m_average_plus_recent_yoy_trend
"COAL_SAFRICA | Coal, South African **",2026-09-01,88.63438555893966,80.8970164337972,96.3717546840821,0.09166666666666666,12m_average_plus_recent_yoy_trend
"COAL_SAFRICA | Coal, South African **",2026-10-01,87.85383491791639,80.11646579277394,95.59120404305884,0.09166666666666666,12m_average_plus_recent_yoy_trend
"COAL_SAFRICA | Coal, South African **",2026-11-01,87.08015812499801,79.34278899985556,94.81752725014046,0.09166666666666666,12m_average_plus_recent_yoy_trend
"COAL_SAFRICA | Coal, South African **",2026-12-01,86.31329464626744,78.57592552112499,94.05066377140989,0.09166666666666666,12m_average_plus_recent_yoy_trend
"COAL_SAFRICA | Coal, South African **",2027-01-01,85.55318448089406,77.81581535575161,93.29055360603651,0.09166666666666666,12m_average_plus_recent_yoy_trend
"COAL_SAFRICA | Coal, South African **",2027-02-01,84.79976815643906,77.06239903129661,92.53713728158151,0.09166666666666666,12m_average_plus_recent_yoy_trend
"COAL_SAFRICA | Coal, South African **",2027-03-01,84.05298672420228,76.31561759905983,91.79035584934473,0.09166666666666666,12m_average_plus_recent_yoy_trend
"COAL_SAFRICA | Coal, South African **",2027-04-01,83.31278175460987,75.57541262946742,91.05015087975232,0.09166666666666666,12m_average_plus_recent_yoy_trend
"COAL_SAFRICA | Coal, South African **",2027-05-01,82.57909533264277,74.84172620750032,90.31646445778522,0.09166666666666666,12m_average_plus_recent_yoy_trend
"COAL_SAFRICA | Coal, South African **",2027-06-01,81.85187005330518,74.11450092816273,89.58923917844763,0.09166666666666666,12m_average_plus_recent_yoy_trend
"COAL_SAFRICA | Coal, South African **",2027-07-01,81.1310490171332,73.39367989199074,88.86841814227564,0.09166666666666666,12m_average_plus_recent_yoy_trend
"COAL_SAFRICA | Coal, South African **",2027-08-01,80.41657582574291,72.67920670060046,88.15394495088536,0.09166666666666666,12m_average_plus_recent_yoy_trend
"COAL_SAFRICA | Coal, South African **",2027-09-01,79.70839457741756,71.97102545227511,87.44576370256001,0.09166666666666666,12m_average_plus_recent_yoy_trend
"COAL_SAFRICA | Coal, South African **",2027-10-01,79.00644986273383,71.26908073759138,86.74381898787628,0.09166666666666666,12m_average_plus_recent_yoy_trend
"COAL_SAFRICA | Coal, South African **",2027-11-01,78.31068676022637,70.57331763508392,86.04805588536883,0.09166666666666666,12m_average_plus_recent_yoy_trend
"COAL_SAFRICA | Coal, South African **",2027-12-01,77.62105083209079,69.88368170694834,85.35841995723324,0.09166666666666666,12m_average_plus_recent_yoy_trend
"COAL_SAFRICA | Coal, South African **",2028-01-01,76.93748811992421,69.20011899478176,84.67485724506666,0.09166666666666666,12m_average_plus_recent_yoy_trend
"COAL_SAFRICA | Coal, South African **",2028-02-01,76.2599451405035,68.52257601536105,83.99731426564595,0.09166666666666666,12m_average_plus_recent_yoy_trend
"COAL_SAFRICA | Coal, South African **",2028-03-01,75.58836888160073,67.85099975645828,83.32573800674318,0.09166666666666666,12m_average_plus_recent_yoy_trend
"COAL_SAFRICA | Coal, South African **",2028-04-01,74.92270679783525,67.1853376726928,82.6600759229777,0.09166666666666666,12m_average_plus_recent_yoy_trend
"COAL_SAFRICA | Coal, South African **",2028-05-01,74.26290680656257,66.52553768142012,82.00027593170502,0.09166666666666666,12m_average_plus_recent_yoy_trend
"COAL_SAFRICA | Coal, South African **",2028-06-01,73.60891728379922,65.87154815865676,81.34628640894167,0.09166666666666666,12m_average_plus_recent_yoy_trend
"COAL_SAFRICA | Coal, South African **",2028-07-01,72.96068706018367,65.22331793504122,80.69805618532612,0.09166666666666666,12m_average_plus_recent_yoy_trend
"COAL_SAFRICA | Coal, South African **",2028-08-01,72.3181654169727,64.58079629183025,80.05553454211515,0.09166666666666666,12m_average_plus_recent_yoy_trend
"COAL_SAFRICA | Coal, South African **",2028-09-01,71.68130208207309,63.94393295693064,79.41867120721554,0.09166666666666666,12m_average_plus_recent_yoy_trend
"COAL_SAFRICA | Coal, South African **",2028-10-01,71.0500472261082,63.312678100965755,78.78741635125066,0.09166666666666666,12m_average_plus_recent_yoy_trend
"COAL_SAFRICA | Coal, South African **",2028-11-01,70.4243514585193,62.68698233337685,78.16172058366175,0.09166666666666666,12m_average_plus_recent_yoy_trend
"COAL_SAFRICA | Coal, South African **",2028-12-01,69.80416582370107,62.06679669855862,77.54153494884352,0.09166666666666666,12m_average_plus_recent_yoy_trend
"COAL_SAFRICA | Coal, South African **",2029-01-01,69.18944179717128,61.452072672028834,76.92681092231373,0.09166666666666666,12m_average_plus_recent_yoy_trend
"COAL_SAFRICA | Coal, South African **",2029-02-01,68.58013128177417,60.84276215663172,76.31750040691662,0.09166666666666666,12m_average_plus_recent_yoy_trend
"COAL_SAFRICA | Coal, South African **",2029-03-01,67.97618660391716,60.238817478774706,75.7135557290596,0.09166666666666666,12m_average_plus_recent_yoy_trend
"COAL_SAFRICA | Coal, South African **",2029-04-01,67.37756050984082,59.64019138469837,75.11492963498327,0.09166666666666666,12m_average_plus_recent_yoy_trend
COCONUT_OIL | Coconut oil,2026-05-01,2600.1399520139307,1980.5798879242857,3219.7000161035758,0.025,12m_average_plus_recent_yoy_trend
COCONUT_OIL | Coconut oil,2026-06-01,2693.3966614938786,2073.8365974042335,3312.9567255835236,0.025,12m_average_plus_recent_yoy_trend
COCONUT_OIL | Coconut oil,2026-07-01,2789.998119342579,2170.4380552529337,3409.558183432224,0.025,12m_average_plus_recent_yoy_trend
COCONUT_OIL | Coconut oil,2026-08-01,2890.0642884207487,2270.5042243311036,3509.6243525103937,0.025,12m_average_plus_recent_yoy_trend
COCONUT_OIL | Coconut oil,2026-09-01,2993.719434181219,2374.159370091574,3613.279498270864,0.025,12m_average_plus_recent_yoy_trend
COCONUT_OIL | Coconut oil,2026-10-01,3101.0922789858496,2481.5322148962046,3720.6523430754946,0.025,12m_average_plus_recent_yoy_trend
COCONUT_OIL | Coconut oil,2026-11-01,3212.3161619571856,2592.7560978675406,3831.8762260468307,0.025,12m_average_plus_recent_yoy_trend
COCONUT_OIL | Coconut oil,2026-12-01,3327.5292045633537,2707.9691404737086,3947.0892686529987,0.025,12m_average_plus_recent_yoy_trend
COCONUT_OIL | Coconut oil,2027-01-01,3446.8744821418372,2827.314418052192,4066.4345462314823,0.025,12m_average_plus_recent_yoy_trend
COCONUT_OIL | Coconut oil,2027-02-01,3570.500201575121,2950.940137485476,4190.060265664766,0.025,12m_average_plus_recent_yoy_trend
COCONUT_OIL | Coconut oil,2027-03-01,3698.559885338867,3078.999821249222,4318.119949428512,0.025,12m_average_plus_recent_yoy_trend
COCONUT_OIL | Coconut oil,2027-04-01,3831.2125621511605,3211.6524980615154,4450.772626240806,0.025,12m_average_plus_recent_yoy_trend
COCONUT_OIL | Coconut oil,2027-05-01,3968.6229644595905,3349.0629003699455,4588.183028549236,0.025,12m_average_plus_recent_yoy_trend
COCONUT_OIL | Coconut oil,2027-06-01,4110.961733011412,3491.4016689217674,4730.521797101058,0.025,12m_average_plus_recent_yoy_trend
COCONUT_OIL | Coconut oil,2027-07-01,4258.405628760826,3638.8455646711814,4877.965692850472,0.025,12m_average_plus_recent_yoy_trend
COCONUT_OIL | Coconut oil,2027-08-01,4411.13775237653,3791.5776882868854,5030.697816466176,0.025,12m_average_plus_recent_yoy_trend
COCONUT_OIL | Coconut oil,2027-09-01,4569.347771622142,3949.7877075324973,5188.907835711788,0.025,12m_average_plus_recent_yoy_trend
COCONUT_OIL | Coconut oil,2027-10-01,4733.2321568918505,4113.672092802205,5352.792220981496,0.025,12m_average_plus_recent_yoy_trend
COCONUT_OIL | Coconut oil,2027-11-01,4902.994425193801,4283.434361104156,5522.554489283447,0.025,12m_average_plus_recent_yoy_trend
COCONUT_OIL | Coconut oil,2027-12-01,5078.845392884194,4459.285328794548,5698.405456973839,0.025,12m_average_plus_recent_yoy_trend
COCONUT_OIL | Coconut oil,2028-01-01,5261.003437465956,4641.443373376311,5880.563501555602,0.025,12m_average_plus_recent_yoy_trend
COCONUT_OIL | Coconut oil,2028-02-01,5449.694768777086,4830.134704687441,6069.254832866732,0.025,12m_average_plus_recent_yoy_trend
COCONUT_OIL | Coconut oil,2028-03-01,5645.153709905465,5025.593645815819,6264.71377399511,0.025,12m_average_plus_recent_yoy_trend
COCONUT_OIL | Coconut oil,2028-04-01,5847.622988178946,5228.0629240893,6467.183052268591,0.025,12m_average_plus_recent_yoy_trend
COCONUT_OIL | Coconut oil,2028-05-01,6057.354036592122,5437.793972502476,6676.914100681767,0.025,12m_average_plus_recent_yoy_trend
COCONUT_OIL | Coconut oil,2028-06-01,6274.60730604407,5655.047241954425,6894.167370133716,0.025,12m_average_plus_recent_yoy_trend
COCONUT_OIL | Coconut oil,2028-07-01,6499.652588774827,5880.092524685181,7119.212652864472,0.025,12m_average_plus_recent_yoy_trend
COCONUT_OIL | Coconut oil,2028-08-01,6732.76935340224,6113.209289312595,7352.329417491886,0.025,12m_average_plus_recent_yoy_trend
COCONUT_OIL | Coconut oil,2028-09-01,6974.247091975277,6354.687027885631,7593.807156064922,0.025,12m_average_plus_recent_yoy_trend
COCONUT_OIL | Coconut oil,2028-10-01,7224.385679474748,6604.8256153851025,7843.9457435643935,0.025,12m_average_plus_recent_yoy_trend
COCONUT_OIL | Coconut oil,2028-11-01,7483.495746207903,6863.935682118257,8103.055810297548,0.025,12m_average_plus_recent_yoy_trend
COCONUT_OIL | Coconut oil,2028-12-01,7751.899063559335,7132.33899946969,8371.459127648981,0.025,12m_average_plus_recent_yoy_trend
COCONUT_OIL | Coconut oil,2029-01-01,8029.928943577254,7410.368879487609,8649.4890076669,0.025,12m_average_plus_recent_yoy_trend
COCONUT_OIL | Coconut oil,2029-02-01,8317.930652891322,7698.370588801677,8937.490716980967,0.025,12m_average_plus_recent_yoy_trend
COCONUT_OIL | Coconut oil,2029-03-01,8616.261841476082,7996.701777386436,9235.821905565726,0.025,12m_average_plus_recent_yoy_trend
COCONUT_OIL | Coconut oil,2029-04-01,8925.292986792443,8305.732922702799,9544.853050882088,0.025,12m_average_plus_recent_yoy_trend
"CRUDE_BRENT | Crude oil, Brent",2026-05-01,74.53704994487599,62.830064655389464,86.24403523436251,0.03333333333333333,12m_average_plus_recent_yoy_trend
"CRUDE_BRENT | Crude oil, Brent",2026-06-01,74.42983765677857,62.72285236729205,86.1368229462651,0.03333333333333333,12m_average_plus_recent_yoy_trend
"CRUDE_BRENT | Crude oil, Brent",2026-07-01,74.32277958024076,62.61579429075424,86.02976486972729,0.03333333333333333,12m_average_plus_recent_yoy_trend
"CRUDE_BRENT | Crude oil, Brent",2026-08-01,74.21587549344837,62.50889020396184,85.92286078293489,0.03333333333333333,12m_average_plus_recent_yoy_trend
"CRUDE_BRENT | Crude oil, Brent",2026-09-01,74.10912517490625,62.40213988541973,85.81611046439278,0.03333333333333333,12m_average_plus_recent_yoy_trend
"CRUDE_BRENT | Crude oil, Brent",2026-10-01,74.0025284034379,62.29554311395138,85.70951369292443,0.03333333333333333,12m_average_plus_recent_yoy_trend
"CRUDE_BRENT | Crude oil, Brent",2026-11-01,73.89608495818494,62.18909966869842,85.60307024767147,0.03333333333333333,12m_average_plus_recent_yoy_trend
"CRUDE_BRENT | Crude oil, Brent",2026-12-01,73.78979461860662,62.082809329120096,85.49677990809315,0.03333333333333333,12m_average_plus_recent_yoy_trend
"CRUDE_BRENT | Crude oil, Brent",2027-01-01,73.68365716447946,61.97667187499293,85.39064245396598,0.03333333333333333,12m_average_plus_recent_yoy_trend
"CRUDE_BRENT | Crude oil, Brent",2027-02-01,73.57767237589673,61.8706870864102,85.28465766538325,0.03333333333333333,12m_average_plus_recent_yoy_trend
"CRUDE_BRENT | Crude oil, Brent",2027-03-01,73.471840033268,61.76485474378147,85.17882532275452,0.03333333333333333,12m_average_plus_recent_yoy_trend
"CRUDE_BRENT | Crude oil, Brent",2027-04-01,73.3661599173187,61.65917462783217,85.07314520680522,0.03333333333333333,12m_average_plus_recent_yoy_trend
"CRUDE_BRENT | Crude oil, Brent",2027-05-01,73.26063180908966,61.553646519603134,84.96761709857618,0.03333333333333333,12m_average_plus_recent_yoy_trend
"CRUDE_BRENT | Crude oil, Brent",2027-06-01,73.15525548993668,61.44827020045015,84.8622407794232,0.03333333333333333,12m_average_plus_recent_yoy_trend
"CRUDE_BRENT | Crude oil, Brent",2027-07-01,73.05003074152998,61.343045452043455,84.7570160310165,0.03333333333333333,12m_average_plus_recent_yoy_trend
"CRUDE_BRENT | Crude oil, Brent",2027-08-01,72.94495734585391,61.23797205636738,84.65194263534043,0.03333333333333333,12m_average_plus_recent_yoy_trend
"CRUDE_BRENT | Crude oil, Brent",2027-09-01,72.84003508520635,61.13304979571983,84.54702037469288,0.03333333333333333,12m_average_plus_recent_yoy_trend
"CRUDE_BRENT | Crude oil, Brent",2027-10-01,72.73526374219834,61.02827845271182,84.44224903168487,0.03333333333333333,12m_average_plus_recent_yoy_trend
"CRUDE_BRENT | Crude oil, Brent",2027-11-01,72.63064309975358,60.92365781026706,84.33762838924011,0.03333333333333333,12m_average_plus_recent_yoy_trend
"CRUDE_BRENT | Crude oil, Brent",2027-12-01,72.52617294110807,60.81918765162155,84.2331582305946,0.03333333333333333,12m_average_plus_recent_yoy_trend
"CRUDE_BRENT | Crude oil, Brent",2028-01-01,72.42185304980953,60.714867760323,84.12883833929605,0.03333333333333333,12m_average_plus_recent_yoy_trend
"CRUDE_BRENT | Crude oil, Brent",2028-02-01,72.31768320971703,60.61069792023051,84.02466849920356,0.03333333333333333,12m_average_plus_recent_yoy_trend
"CRUDE_BRENT | Crude oil, Brent",2028-03-01,72.21366320500057,60.50667791551405,83.9206484944871,0.03333333333333333,12m_average_plus_recent_yoy_trend
"CRUDE_BRENT | Crude oil, Brent",2028-04-01,72.10979282014057,60.402807530654044,83.8167781096271,0.03333333333333333,12m_average_plus_recent_yoy_trend
"CRUDE_BRENT | Crude oil, Brent",2028-05-01,72.00607183992744,60.29908655044092,83.71305712941397,0.03333333333333333,12m_average_plus_recent_yoy_trend
"CRUDE_BRENT | Crude oil, Brent",2028-06-01,71.90250004946118,60.19551475997466,83.6094853389477,0.03333333333333333,12m_average_plus_recent_yoy_trend
"CRUDE_BRENT | Crude oil, Brent",2028-07-01,71.79907723415084,60.09209194466432,83.50606252363737,0.03333333333333333,12m_average_plus_recent_yoy_trend
"CRUDE_BRENT | Crude oil, Brent",2028-08-01,71.69580317971418,59.98881789022765,83.4027884692007,0.03333333333333333,12m_average_plus_recent_yoy_trend
"CRUDE_BRENT | Crude oil, Brent",2028-09-01,71.59267767217715,59.88569238269062,83.29966296166367,0.03333333333333333,12m_average_plus_recent_yoy_trend
"CRUDE_BRENT | Crude oil, Brent",2028-10-01,71.48970049787349,59.78271520838696,83.19668578736001,0.03333333333333333,12m_average_plus_recent_yoy_trend
"CRUDE_BRENT | Crude oil, Brent",2028-11-01,71.38687144344428,59.67988615395775,83.0938567329308,0.03333333333333333,12m_average_plus_recent_yoy_trend
"CRUDE_BRENT | Crude oil, Brent",2028-12-01,71.28419029583746,59.57720500635094,82.99117558532399,0.03333333333333333,12m_average_plus_recent_yoy_trend
"CRUDE_BRENT | Crude oil, Brent",2029-01-01,71.18165684230743,59.47467155282091,82.88864213179396,0.03333333333333333,12m_average_plus_recent_yoy_trend
"CRUDE_BRENT | Crude oil, Brent",2029-02-01,71.07927087041465,59.37228558092812,82.78625615990117,0.03333333333333333,12m_average_plus_recent_yoy_trend
"CRUDE_BRENT | Crude oil, Brent",2029-03-01,70.97703216802505,59.27004687853852,82.68401745751157,0.03333333333333333,12m_average_plus_recent_yoy_trend
"CRUDE_BRENT | Crude oil, Brent",2029-04-01,70.87494052330977,59.16795523382325,82.5819258127963,0.03333333333333333,12m_average_plus_recent_yoy_trend
"CRUDE_DUBAI | Crude oil, Dubai",2026-05-01,69.86885198868917,60.754633012842554,78.98307096453578,0.03333333333333333,12m_average_plus_recent_yoy_trend
"CRUDE_DUBAI | Crude oil, Dubai",2026-06-01,69.46422755405281,60.35000857820619,78.57844652989942,0.03333333333333333,12m_average_plus_recent_yoy_trend
"CRUDE_DUBAI | Crude oil, Dubai",2026-07-01,69.06194638008904,59.94772740424242,78.17616535593565,0.03333333333333333,12m_average_plus_recent_yoy_trend
"CRUDE_DUBAI | Crude oil, Dubai",2026-08-01,68.6619948965087,59.54777592066208,77.77621387235531,0.03333333333333333,12m_average_plus_recent_yoy_trend
"CRUDE_DUBAI | Crude oil, Dubai",2026-09-01,68.2643596116109,59.15014063576428,77.37857858745751,0.03333333333333333,12m_average_plus_recent_yoy_trend
"CRUDE_DUBAI | Crude oil, Dubai",2026-10-01,67.86902711182782,58.7548081359812,76.98324608767443,0.03333333333333333,12m_average_plus_recent_yoy_trend
"CRUDE_DUBAI | Crude oil, Dubai",2026-11-01,67.47598406127234,58.36176508542572,76.59020303711895,0.03333333333333333,12m_average_plus_recent_yoy_trend
"CRUDE_DUBAI | Crude oil, Dubai",2026-12-01,67.08521720128809,57.97099822544147,76.1994361771347,0.03333333333333333,12m_average_plus_recent_yoy_trend
"CRUDE_DUBAI | Crude oil, Dubai",2027-01-01,66.6967133500022,57.58249437415558,75.81093232584881,0.03333333333333333,12m_average_plus_recent_yoy_trend
"CRUDE_DUBAI | Crude oil, Dubai",2027-02-01,66.31045940188069,57.19624042603407,75.4246783777273,0.03333333333333333,12m_average_plus_recent_yoy_trend
"CRUDE_DUBAI | Crude oil, Dubai",2027-03-01,65.92644232728632,56.812223351439705,75.04066130313294,0.03333333333333333,12m_average_plus_recent_yoy_trend
"CRUDE_DUBAI | Crude oil, Dubai",2027-04-01,65.54464917203906,56.43043019619244,74.65886814788567,0.03333333333333333,12m_average_plus_recent_yoy_trend
"CRUDE_DUBAI | Crude oil, Dubai",2027-05-01,65.16506705697913,56.05084808113251,74.27928603282574,0.03333333333333333,12m_average_plus_recent_yoy_trend
"CRUDE_DUBAI | Crude oil, Dubai",2027-06-01,64.78768317753254,55.673464201685924,73.90190215337915,0.03333333333333333,12m_average_plus_recent_yoy_trend
"CRUDE_DUBAI | Crude oil, Dubai",2027-07-01,64.41248480327911,55.298265827432495,73.52670377912573,0.03333333333333333,12m_average_plus_recent_yoy_trend
"CRUDE_DUBAI | Crude oil, Dubai",2027-08-01,64.0394592775231,54.925240301676475,73.1536782533697,0.03333333333333333,12m_average_plus_recent_yoy_trend
"CRUDE_DUBAI | Crude oil, Dubai",2027-09-01,63.66859401686615,54.55437504101953,72.78281299271276,0.03333333333333333,12m_average_plus_recent_yoy_trend
"CRUDE_DUBAI | Crude oil, Dubai",2027-10-01,63.29987651078292,54.185657534936304,72.41409548662953,0.03333333333333333,12m_average_plus_recent_yoy_trend
"CRUDE_DUBAI | Crude oil, Dubai",2027-11-01,62.93329432119902,53.8190753453524,72.04751329704564,0.03333333333333333,12m_average_plus_recent_yoy_trend
"CRUDE_DUBAI | Crude oil, Dubai",2027-12-01,62.56883508207138,53.45461610622476,71.683054057918,0.03333333333333333,12m_average_plus_recent_yoy_trend
"CRUDE_DUBAI | Crude oil, Dubai",2028-01-01,62.206486498971174,53.092267523124555,71.32070547481779,0.03333333333333333,12m_average_plus_recent_yoy_trend
"CRUDE_DUBAI | Crude oil, Dubai",2028-02-01,61.846236348669066,52.73201737282245,70.96045532451568,0.03333333333333333,12m_average_plus_recent_yoy_trend
"CRUDE_DUBAI | Crude oil, Dubai",2028-03-01,61.48807247872286,52.373853502876244,70.60229145456948,0.03333333333333333,12m_average_plus_recent_yoy_trend
"CRUDE_DUBAI | Crude oil, Dubai",2028-04-01,61.13198280706759,52.01776383122097,70.2462017829142,0.03333333333333333,12m_average_plus_recent_yoy_trend
"CRUDE_DUBAI | Crude oil, Dubai",2028-05-01,60.777955321607905,51.663736345761286,69.89217429745452,0.03333333333333333,12m_average_plus_recent_yoy_trend
"CRUDE_DUBAI | Crude oil, Dubai",2028-06-01,60.425978079812936,51.31175910396632,69.54019705565955,0.03333333333333333,12m_average_plus_recent_yoy_trend
"CRUDE_DUBAI | Crude oil, Dubai",2028-07-01,60.07603920831334,50.96182023246672,69.19025818415996,0.03333333333333333,12m_average_plus_recent_yoy_trend
"CRUDE_DUBAI | Crude oil, Dubai",2028-08-01,59.728126902500854,50.613907926654235,68.84234587834747,0.03333333333333333,12m_average_plus_recent_yoy_trend
"CRUDE_DUBAI | Crude oil, Dubai",2028-09-01,59.38222942613004,50.26801045028342,68.49644840197665,0.03333333333333333,12m_average_plus_recent_yoy_trend
"CRUDE_DUBAI | Crude oil, Dubai",2028-10-01,59.03833511092239,49.92411613507577,68.152554086769,0.03333333333333333,12m_average_plus_recent_yoy_trend
"CRUDE_DUBAI | Crude oil, Dubai",2028-11-01,58.69643235617272,49.5822133803261,67.81065133201933,0.03333333333333333,12m_average_plus_recent_yoy_trend
"CRUDE_DUBAI | Crude oil, Dubai",2028-12-01,58.356509628357855,49.24229065251124,67.47072860420447,0.03333333333333333,12m_average_plus_recent_yoy_trend
"CRUDE_DUBAI | Crude oil, Dubai",2029-01-01,58.018555460747535,48.90433648490092,67.13277443659415,0.03333333333333333,12m_average_plus_recent_yoy_trend
"CRUDE_DUBAI | Crude oil, Dubai",2029-02-01,57.68255845301763,48.56833947717101,66.79677742886425,0.03333333333333333,12m_average_plus_recent_yoy_trend
"CRUDE_DUBAI | Crude oil, Dubai",2029-03-01,57.34850727086552,48.2342882950189,66.46272624671214,0.03333333333333333,12m_average_plus_recent_yoy_trend
"CRUDE_DUBAI | Crude oil, Dubai",2029-04-01,57.01639064562785,47.90217166978123,66.13060962147446,0.03333333333333333,12m_average_plus_recent_yoy_trend
"CRUDE_PETRO | Crude oil, average",2026-05-01,70.69949166149426,60.71465405942613,80.6843292635624,0.041666666666666664,12m_average_plus_recent_yoy_trend
"CRUDE_PETRO | Crude oil, average",2026-06-01,70.42717516162233,60.4423375595542,80.41201276369046,0.041666666666666664,12m_average_plus_recent_yoy_trend
"CRUDE_PETRO | Crude oil, average",2026-07-01,70.15590755579984,60.17106995373171,80.14074515786797,0.041666666666666664,12m_average_plus_recent_yoy_trend
"CRUDE_PETRO | Crude oil, average",2026-08-01,69.88568480395311,59.90084720188498,79.87052240602125,0.041666666666666664,12m_average_plus_recent_yoy_trend
"CRUDE_PETRO | Crude oil, average",2026-09-01,69.61650288156977,59.63166527950164,79.6013404836379,0.041666666666666664,12m_average_plus_recent_yoy_trend
"CRUDE_PETRO | Crude oil, average",2026-10-01,69.34835777963889,59.363520177570756,79.33319538170701,0.041666666666666664,12m_average_plus_recent_yoy_trend
"CRUDE_PETRO | Crude oil, average",2026-11-01,69.0812455045912,59.09640790252306,79.06608310665933,0.041666666666666664,12m_average_plus_recent_yoy_trend
"CRUDE_PETRO | Crude oil, average",2026-12-01,68.81516207823964,58.830324476171505,78.79999968030776,0.041666666666666664,12m_average_plus_recent_yoy_trend
"CRUDE_PETRO | Crude oil, average",2027-01-01,68.55010353772013,58.565265935652,78.53494113978826,0.041666666666666664,12m_average_plus_recent_yoy_trend
"CRUDE_PETRO | Crude oil, average",2027-02-01,68.28606593543257,58.30122833336444,78.27090353750071,0.041666666666666664,12m_average_plus_recent_yoy_trend
"CRUDE_PETRO | Crude oil, average",2027-03-01,68.02304533898197,58.03820773691384,78.0078829410501,0.041666666666666664,12m_average_plus_recent_yoy_trend
"CRUDE_PETRO | Crude oil, average",2027-04-01,67.76103783111992,57.77620022905179,77.74587543318805,0.041666666666666664,12m_average_plus_recent_yoy_trend
"CRUDE_PETRO | Crude oil, average",2027-05-01,67.5000395096863,57.51520190761817,77.48487711175443,0.041666666666666664,12m_average_plus_recent_yoy_trend
"CRUDE_PETRO | Crude oil, average",2027-06-01,67.2400464875511,57.255208885482965,77.22488408961922,0.041666666666666664,12m_average_plus_recent_yoy_trend
"CRUDE_PETRO | Crude oil, average",2027-07-01,66.98105489255653,56.996217290488396,76.96589249462465,0.041666666666666664,12m_average_plus_recent_yoy_trend
"CRUDE_PETRO | Crude oil, average",2027-08-01,66.72306086745938,56.73822326539125,76.70789846952752,0.041666666666666664,12m_average_plus_recent_yoy_trend
"CRUDE_PETRO | Crude oil, average",2027-09-01,66.46606056987359,56.48122296780546,76.45089817194173,0.041666666666666664,12m_average_plus_recent_yoy_trend
"CRUDE_PETRO | Crude oil, average",2027-10-01,66.21005017221296,56.225212570144826,76.19488777428109,0.041666666666666664,12m_average_plus_recent_yoy_trend
"CRUDE_PETRO | Crude oil, average",2027-11-01,65.95502586163418,55.97018825956605,75.93986346370232,0.041666666666666664,12m_average_plus_recent_yoy_trend
"CRUDE_PETRO | Crude oil, average",2027-12-01,65.7009838399801,55.716146237911964,75.68582144204822,0.041666666666666664,12m_average_plus_recent_yoy_trend
"CRUDE_PETRO | Crude oil, average",2028-01-01,65.44792032372301,55.46308272165488,75.43275792579115,0.041666666666666664,12m_average_plus_recent_yoy_trend
"CRUDE_PETRO | Crude oil, average",2028-02-01,65.19583154390848,55.21099394184035,75.18066914597662,0.041666666666666664,12m_average_plus_recent_yoy_trend
"CRUDE_PETRO | Crude oil, average",2028-03-01,64.94471374609911,54.95987614403098,74.92955134816725,0.041666666666666664,12m_average_plus_recent_yoy_trend
"CRUDE_PETRO | Crude oil, average",2028-04-01,64.6945631903186,54.70972558825047,74.67940079238673,0.041666666666666664,12m_average_plus_recent_yoy_trend
"CRUDE_PETRO | Crude oil, average",2028-05-01,64.44537615099614,54.46053854892801,74.43021375306427,0.041666666666666664,12m_average_plus_recent_yoy_trend
"CRUDE_PETRO | Crude oil, average",2028-06-01,64.19714891691083,54.2123113148427,74.18198651897896,0.041666666666666664,12m_average_plus_recent_yoy_trend
"CRUDE_PETRO | Crude oil, average",2028-07-01,63.94987779113651,53.965040189068375,73.93471539320464,0.041666666666666664,12m_average_plus_recent_yoy_trend
"CRUDE_PETRO | Crude oil, average",2028-08-01,63.70355909098657,53.71872148891844,73.6883966930547,0.041666666666666664,12m_average_plus_recent_yoy_trend
"CRUDE_PETRO | Crude oil, average",2028-09-01,63.458189147959246,53.47335154589111,73.44302675002737,0.041666666666666664,12m_average_plus_recent_yoy_trend
"CRUDE_PETRO | Crude oil, average",2028-10-01,63.213764307682844,53.22892670561471,73.19860190975098,0.041666666666666664,12m_average_plus_recent_yoy_trend
"CRUDE_PETRO | Crude oil, average",2028-11-01,62.97028092986144,52.985443327793305,72.95511853192957,0.041666666666666664,12m_average_plus_recent_yoy_trend
"CRUDE_PETRO | Crude oil, average",2028-12-01,62.72773538822055,52.74289778615242,72.71257299028869,0.041666666666666664,12m_average_plus_recent_yoy_trend
"CRUDE_PETRO | Crude oil, average",2029-01-01,62.486124070453236,52.5012864683851,72.47096167252137,0.041666666666666664,12m_average_plus_recent_yoy_trend
"CRUDE_PETRO | Crude oil, average",2029-02-01,62.24544337816621,52.260605776098075,72.23028098023434,0.041666666666666664,12m_average_plus_recent_yoy_trend
"CRUDE_PETRO | Crude oil, average",2029-03-01,62.0056897268263,52.020852124758164,71.99052732889443,0.041666666666666664,12m_average_plus_recent_yoy_trend
"CRUDE_PETRO | Crude oil, average",2029-04-01,61.76685954570705,51.78202194363892,71.75169714777519,0.041666666666666664,12m_average_plus_recent_yoy_trend
"CRUDE_WTI | Crude oil, WTI",2026-05-01,67.70121254115044,58.12050131808967,77.2819237642112,0.041666666666666664,12m_average_plus_recent_yoy_trend
"CRUDE_WTI | Crude oil, WTI",2026-06-01,67.40539002733436,57.824678804273596,76.98610125039514,0.041666666666666664,12m_average_plus_recent_yoy_trend
"CRUDE_WTI | Crude oil, WTI",2026-07-01,67.1108601190182,57.53014889595743,76.69157134207896,0.041666666666666664,12m_average_plus_recent_yoy_trend
"CRUDE_WTI | Crude oil, WTI",2026-08-01,66.81761716812275,57.236905945061984,76.39832839118353,0.041666666666666664,12m_average_plus_recent_yoy_trend
"CRUDE_WTI | Crude oil, WTI",2026-09-01,66.52565555124832,56.94494432818755,76.1063667743091,0.041666666666666664,12m_average_plus_recent_yoy_trend
"CRUDE_WTI | Crude oil, WTI",2026-10-01,66.23496966956681,56.65425844650604,75.81568089262757,0.041666666666666664,12m_average_plus_recent_yoy_trend
"CRUDE_WTI | Crude oil, WTI",2026-11-01,65.94555394871436,56.364842725653595,75.52626517177512,0.041666666666666664,12m_average_plus_recent_yoy_trend
"CRUDE_WTI | Crude oil, WTI",2026-12-01,65.65740283868446,56.076691615623695,75.23811406174522,0.041666666666666664,12m_average_plus_recent_yoy_trend
"CRUDE_WTI | Crude oil, WTI",2027-01-01,65.37051081372157,55.7897995906608,74.95122203678233,0.041666666666666664,12m_average_plus_recent_yoy_trend
"CRUDE_WTI | Crude oil, WTI",2027-02-01,65.08487237221506,55.50416114915429,74.66558359527582,0.041666666666666664,12m_average_plus_recent_yoy_trend
"CRUDE_WTI | Crude oil, WTI",2027-03-01,64.80048203659376,55.219770813532996,74.38119325965454,0.041666666666666664,12m_average_plus_recent_yoy_trend
"CRUDE_WTI | Crude oil, WTI",2027-04-01,64.51733435322093,54.936623130160164,74.09804557628169,0.041666666666666664,12m_average_plus_recent_yoy_trend
"CRUDE_WTI | Crude oil, WTI",2027-05-01,64.23542389228966,54.65471266922889,73.81613511535042,0.041666666666666664,12m_average_plus_recent_yoy_trend
"CRUDE_WTI | Crude oil, WTI",2027-06-01,63.95474524771875,54.37403402465798,73.53545647077951,0.041666666666666664,12m_average_plus_recent_yoy_trend
"CRUDE_WTI | Crude oil, WTI",2027-07-01,63.67529303704901,54.09458181398824,73.25600426010978,0.041666666666666664,12m_average_plus_recent_yoy_trend
"CRUDE_WTI | Crude oil, WTI",2027-08-01,63.397061901340095,53.81635067827933,72.97777312440087,0.041666666666666664,12m_average_plus_recent_yoy_trend
"CRUDE_WTI | Crude oil, WTI",2027-09-01,63.12004650506772,53.53933528200695,72.70075772812848,0.041666666666666664,12m_average_plus_recent_yoy_trend
"CRUDE_WTI | Crude oil, WTI",2027-10-01,62.84424153602131,53.26353031296054,72.42495275908207,0.041666666666666664,12m_average_plus_recent_yoy_trend
"CRUDE_WTI | Crude oil, WTI",2027-11-01,62.56964170520218,52.98893048214141,72.15035292826295,0.041666666666666664,12m_average_plus_recent_yoy_trend
"CRUDE_WTI | Crude oil, WTI",2027-12-01,62.29624174672207,52.7155305236613,71.87695296978283,0.041666666666666664,12m_average_plus_recent_yoy_trend
"CRUDE_WTI | Crude oil, WTI",2028-01-01,62.02403641770219,52.443325194641425,71.60474764076295,0.041666666666666664,12m_average_plus_recent_yoy_trend
"CRUDE_WTI | Crude oil, WTI",2028-02-01,61.75302049817267,52.1723092751119,71.33373172123343,0.041666666666666664,12m_average_plus_recent_yoy_trend
"CRUDE_WTI | Crude oil, WTI",2028-03-01,61.48318879097243,51.90247756791166,71.0639000140332,0.041666666666666664,12m_average_plus_recent_yoy_trend
"CRUDE_WTI | Crude oil, WTI",2028-04-01,61.21453612164958,51.63382489858881,70.79524734471035,0.041666666666666664,12m_average_plus_recent_yoy_trend
"CRUDE_WTI | Crude oil, WTI",2028-05-01,60.94705733836214,51.366346115301376,70.5277685614229,0.041666666666666664,12m_average_plus_recent_yoy_trend
"CRUDE_WTI | Crude oil, WTI",2028-06-01,60.68074731177927,51.100036088718504,70.26145853484005,0.041666666666666664,12m_average_plus_recent_yoy_trend
"CRUDE_WTI | Crude oil, WTI",2028-07-01,60.41560093498289,50.83488971192212,69.99631215804365,0.041666666666666664,12m_average_plus_recent_yoy_trend
"CRUDE_WTI | Crude oil, WTI",2028-08-01,60.15161312336974,50.570901900308975,69.73232434643052,0.041666666666666664,12m_average_plus_recent_yoy_trend
"CRUDE_WTI | Crude oil, WTI",2028-09-01,59.888778814553916,50.30806759149315,69.46949003761469,0.041666666666666664,12m_average_plus_recent_yoy_trend
"CRUDE_WTI | Crude oil, WTI",2028-10-01,59.627092968269736,50.04638174520897,69.2078041913305,0.041666666666666664,12m_average_plus_recent_yoy_trend
"CRUDE_WTI | Crude oil, WTI",2028-11-01,59.36655056627514,49.78583934321437,68.9472617893359,0.041666666666666664,12m_average_plus_recent_yoy_trend
"CRUDE_WTI | Crude oil, WTI",2028-12-01,59.10714661225541,49.526435389194646,68.68785783531618,0.041666666666666664,12m_average_plus_recent_yoy_trend
"CRUDE_WTI | Crude oil, WTI",2029-01-01,58.8488761317274,49.268164908666634,68.42958735478817,0.041666666666666664,12m_average_plus_recent_yoy_trend
"CRUDE_WTI | Crude oil, WTI",2029-02-01,58.59173417194409,49.01102294888332,68.17244539500486,0.041666666666666664,12m_average_plus_recent_yoy_trend
"CRUDE_WTI | Crude oil, WTI",2029-03-01,58.33571580179966,48.75500457873889,67.91642702486043,0.041666666666666664,12m_average_plus_recent_yoy_trend
"CRUDE_WTI | Crude oil, WTI",2029-04-01,58.08081611173488,48.500104888674116,67.66152733479565,0.041666666666666664,12m_average_plus_recent_yoy_trend
GRNUT_OIL | Groundnut oil **,2026-05-01,1700.4093451508425,1550.2916592418792,1850.5270310598057,0.0,12m_average_plus_recent_yoy_trend
GRNUT_OIL | Groundnut oil **,2026-06-01,1697.691075001798,1547.5733890928348,1847.8087609107613,0.0,12m_average_plus_recent_yoy_trend
GRNUT_OIL | Groundnut oil **,2026-07-01,1694.9771502726514,1544.8594643636882,1845.0948361816147,0.0,12m_average_plus_recent_yoy_trend
GRNUT_OIL | Groundnut oil **,2026-08-01,1692.2675640168259,1542.1498781078626,1842.3852499257891,0.0,12m_average_plus_recent_yoy_trend
GRNUT_OIL | Groundnut oil **,2026-09-01,1689.5623092988478,1539.4446233898846,1839.679995207811,0.0,12m_average_plus_recent_yoy_trend
GRNUT_OIL | Groundnut oil **,2026-10-01,1686.8613791943321,1536.7436932853689,1836.9790651032954,0.0,12m_average_plus_recent_yoy_trend
GRNUT_OIL | Groundnut oil **,2026-11-01,1684.1647667899622,1534.047080880999,1834.2824526989255,0.0,12m_average_plus_recent_yoy_trend
GRNUT_OIL | Groundnut oil **,2026-12-01,1681.472465183474,1531.3547792745107,1831.5901510924373,0.0,12m_average_plus_recent_yoy_trend
GRNUT_OIL | Groundnut oil **,2027-01-01,1678.784467483636,1528.6667815746728,1828.9021533925993,0.0,12m_average_plus_recent_yoy_trend
GRNUT_OIL | Groundnut oil **,2027-02-01,1676.100766810234,1525.9830809012708,1826.2184527191973,0.0,12m_average_plus_recent_yoy_trend
GRNUT_OIL | Groundnut oil **,2027-03-01,1673.4213562940522,1523.303670385089,1823.5390422030155,0.0,12m_average_plus_recent_yoy_trend
GRNUT_OIL | Groundnut oil **,2027-04-01,1670.7462290768563,1520.628543167893,1820.8639149858195,0.0,12m_average_plus_recent_yoy_trend
GRNUT_OIL | Groundnut oil **,2027-05-01,1668.0753783113746,1517.9576924024113,1818.1930642203379,0.0,12m_average_plus_recent_yoy_trend
GRNUT_OIL | Groundnut oil **,2027-06-01,1665.4087971612826,1515.2911112523193,1815.5264830702458,0.0,12m_average_plus_recent_yoy_trend
GRNUT_OIL | Groundnut oil **,2027-07-01,1662.746478801183,1512.6287928922197,1812.8641647101463,0.0,12m_average_plus_recent_yoy_trend
GRNUT_OIL | Groundnut oil **,2027-08-01,1660.0884164165911,1509.9707305076279,1810.2061023255544,0.0,12m_average_plus_recent_yoy_trend
GRNUT_OIL | Groundnut oil **,2027-09-01,1657.4346032039148,1507.3169172949515,1807.552289112878,0.0,12m_average_plus_recent_yoy_trend
GRNUT_OIL | Groundnut oil **,2027-10-01,1654.7850323704383,1504.667346461475,1804.9027182794016,0.0,12m_average_plus_recent_yoy_trend
GRNUT_OIL | Groundnut oil **,2027-11-01,1652.139697134305,1502.0220112253417,1802.2573830432682,0.0,12m_average_plus_recent_yoy_trend
GRNUT_OIL | Groundnut oil **,2027-12-01,1649.498590724499,1499.3809048155358,1799.6162766334623,0.0,12m_average_plus_recent_yoy_trend
GRNUT_OIL | Groundnut oil **,2028-01-01,1646.86170638083,1496.7440204718666,1796.9793922897932,0.0,12m_average_plus_recent_yoy_trend
GRNUT_OIL | Groundnut oil **,2028-02-01,1644.2290373539124,1494.1113514449492,1794.3467232628757,0.0,12m_average_plus_recent_yoy_trend
GRNUT_OIL | Groundnut oil **,2028-03-01,1641.6005769051521,1491.4828909961889,1791.7182628141154,0.0,12m_average_plus_recent_yoy_trend
GRNUT_OIL | Groundnut oil **,2028-04-01,1638.9763183067266,1488.8586323977634,1789.09400421569,0.0,12m_average_plus_recent_yoy_trend
GRNUT_OIL | Groundnut oil **,2028-05-01,1636.356254841568,1486.2385689326047,1786.4739407505313,0.0,12m_average_plus_recent_yoy_trend
GRNUT_OIL | Groundnut oil **,2028-06-01,1633.740379803347,1483.6226938943837,1783.8580657123102,0.0,12m_average_plus_recent_yoy_trend
GRNUT_OIL | Groundnut oil **,2028-07-01,1631.1286864964543,1481.011000587491,1781.2463724054176,0.0,12m_average_plus_recent_yoy_trend
GRNUT_OIL | Groundnut oil **,2028-08-01,1628.521168235985,1478.4034823270217,1778.6388541449483,0.0,12m_average_plus_recent_yoy_trend
GRNUT_OIL | Groundnut oil **,2028-09-01,1625.9178183477202,1475.800132438757,1776.0355042566835,0.0,12m_average_plus_recent_yoy_trend
GRNUT_OIL | Groundnut oil **,2028-10-01,1623.3186301681103,1473.200944259147,1773.4363160770736,0.0,12m_average_plus_recent_yoy_trend
GRNUT_OIL | Groundnut oil **,2028-11-01,1620.7235970442587,1470.6059111352954,1770.841282953222,0.0,12m_average_plus_recent_yoy_trend
GRNUT_OIL | Groundnut oil **,2028-12-01,1618.1327123339029,1468.0150264249396,1768.2503982428661,0.0,12m_average_plus_recent_yoy_trend
GRNUT_OIL | Groundnut oil **,2029-01-01,1615.5459694053995,1465.4282834964363,1765.6636553143628,0.0,12m_average_plus_recent_yoy_trend
GRNUT_OIL | Groundnut oil **,2029-02-01,1612.963361637707,1462.8456757287438,1763.0810475466703,0.0,12m_average_plus_recent_yoy_trend
GRNUT_OIL | Groundnut oil **,2029-03-01,1610.3848824203671,1460.2671965114039,1760.5025683293304,0.0,12m_average_plus_recent_yoy_trend
GRNUT_OIL | Groundnut oil **,2029-04-01,1607.8105251534894,1457.692839244526,1757.9282110624526,0.0,12m_average_plus_recent_yoy_trend
"NGAS_EUR | Natural gas, Europe",2026-05-01,12.06379706163762,9.921075757971817,14.206518365303424,0.13333333333333333,12m_average_plus_recent_yoy_trend
"NGAS_EUR | Natural gas, Europe",2026-06-01,12.042808514245278,9.900087210579475,14.185529817911082,0.13333333333333333,12m_average_plus_recent_yoy_trend
"NGAS_EUR | Natural gas, Europe",2026-07-01,12.021856482646376,9.879135178980572,14.16457778631218,0.13333333333333333,12m_average_plus_recent_yoy_trend
"NGAS_EUR | Natural gas, Europe",2026-08-01,12.000940903310882,9.858219599645079,14.143662206976686,0.13333333333333333,12m_average_plus_recent_yoy_trend
"NGAS_EUR | Natural gas, Europe",2026-09-01,11.980061712819289,9.837340409153486,14.122783016485092,0.13333333333333333,12m_average_plus_recent_yoy_trend
"NGAS_EUR | Natural gas, Europe",2026-10-01,11.959218847862426,9.816497544196622,14.101940151528229,0.13333333333333333,12m_average_plus_recent_yoy_trend
"NGAS_EUR | Natural gas, Europe",2026-11-01,11.938412245241269,9.795690941575465,14.081133548907072,0.13333333333333333,12m_average_plus_recent_yoy_trend
"NGAS_EUR | Natural gas, Europe",2026-12-01,11.917641841866747,9.774920538200943,14.06036314553255,0.13333333333333333,12m_average_plus_recent_yoy_trend
"NGAS_EUR | Natural gas, Europe",2027-01-01,11.896907574759553,9.754186271093749,14.039628878425356,0.13333333333333333,12m_average_plus_recent_yoy_trend
"NGAS_EUR | Natural gas, Europe",2027-02-01,11.876209381049943,9.73348807738414,14.018930684715746,0.13333333333333333,12m_average_plus_recent_yoy_trend
"NGAS_EUR | Natural gas, Europe",2027-03-01,11.855547197977566,9.712825894311763,13.99826850164337,0.13333333333333333,12m_average_plus_recent_yoy_trend
"NGAS_EUR | Natural gas, Europe",2027-04-01,11.834920962891253,9.69219965922545,13.977642266557057,0.13333333333333333,12m_average_plus_recent_yoy_trend
"NGAS_EUR | Natural gas, Europe",2027-05-01,11.814330613248835,9.671609309583031,13.957051916914638,0.13333333333333333,12m_average_plus_recent_yoy_trend
"NGAS_EUR | Natural gas, Europe",2027-06-01,11.793776086616958,9.651054782951155,13.936497390282762,0.13333333333333333,12m_average_plus_recent_yoy_trend
"NGAS_EUR | Natural gas, Europe",2027-07-01,11.773257320670886,9.630536017005083,13.91597862433669,0.13333333333333333,12m_average_plus_recent_yoy_trend
"NGAS_EUR | Natural gas, Europe",2027-08-01,11.752774253194318,9.610052949528514,13.895495556860121,0.13333333333333333,12m_average_plus_recent_yoy_trend
"NGAS_EUR | Natural gas, Europe",2027-09-01,11.732326822079193,9.58960551841339,13.875048125744996,0.13333333333333333,12m_average_plus_recent_yoy_trend
"NGAS_EUR | Natural gas, Europe",2027-10-01,11.711914965325507,9.569193661659703,13.85463626899131,0.13333333333333333,12m_average_plus_recent_yoy_trend
"NGAS_EUR | Natural gas, Europe",2027-11-01,11.691538621041126,9.548817317375322,13.83425992470693,0.13333333333333333,12m_average_plus_recent_yoy_trend
"NGAS_EUR | Natural gas, Europe",2027-12-01,11.671197727441593,9.528476423775789,13.813919031107396,0.13333333333333333,12m_average_plus_recent_yoy_trend
"NGAS_EUR | Natural gas, Europe",2028-01-01,11.65089222284994,9.508170919184137,13.793613526515744,0.13333333333333333,12m_average_plus_recent_yoy_trend
"NGAS_EUR | Natural gas, Europe",2028-02-01,11.630622045696516,9.487900742030712,13.77334334936232,0.13333333333333333,12m_average_plus_recent_yoy_trend
"NGAS_EUR | Natural gas, Europe",2028-03-01,11.610387134518772,9.467665830852969,13.753108438184576,0.13333333333333333,12m_average_plus_recent_yoy_trend
"NGAS_EUR | Natural gas, Europe",2028-04-01,11.590187427961107,9.447466124295303,13.73290873162691,0.13333333333333333,12m_average_plus_recent_yoy_trend
"NGAS_EUR | Natural gas, Europe",2028-05-01,11.570022864774657,9.427301561108854,13.71274416844046,0.13333333333333333,12m_average_plus_recent_yoy_trend
"NGAS_EUR | Natural gas, Europe",2028-06-01,11.54989338381712,9.407172080151316,13.692614687482923,0.13333333333333333,12m_average_plus_recent_yoy_trend
"NGAS_EUR | Natural gas, Europe",2028-07-01,11.529798924052571,9.387077620386767,13.672520227718374,0.13333333333333333,12m_average_plus_recent_yoy_trend
"NGAS_EUR | Natural gas, Europe",2028-08-01,11.509739424551274,9.36701812088547,13.652460728217077,0.13333333333333333,12m_average_plus_recent_yoy_trend
"NGAS_EUR | Natural gas, Europe",2028-09-01,11.489714824489498,9.346993520823695,13.632436128155302,0.13333333333333333,12m_average_plus_recent_yoy_trend
"NGAS_EUR | Natural gas, Europe",2028-10-01,11.469725063149333,9.32700375948353,13.612446366815137,0.13333333333333333,12m_average_plus_recent_yoy_trend
"NGAS_EUR | Natural gas, Europe",2028-11-01,11.449770079918506,9.307048776252703,13.59249138358431,0.13333333333333333,12m_average_plus_recent_yoy_trend
"NGAS_EUR | Natural gas, Europe",2028-12-01,11.4298498142902,9.287128510624397,13.572571117956004,0.13333333333333333,12m_average_plus_recent_yoy_trend
"NGAS_EUR | Natural gas, Europe",2029-01-01,11.409964205862861,9.267242902197058,13.552685509528665,0.13333333333333333,12m_average_plus_recent_yoy_trend
"NGAS_EUR | Natural gas, Europe",2029-02-01,11.390113194340028,9.247391890674225,13.532834498005831,0.13333333333333333,12m_average_plus_recent_yoy_trend
"NGAS_EUR | Natural gas, Europe",2029-03-01,11.370296719530138,9.227575415864335,13.513018023195942,0.13333333333333333,12m_average_plus_recent_yoy_trend
"NGAS_EUR | Natural gas, Europe",2029-04-01,11.350514721346352,9.207793417680548,13.493236025012155,0.13333333333333333,12m_average_plus_recent_yoy_trend
"NGAS_JP | Liquefied natural gas, Japan",2026-05-01,11.513812138202793,10.688688415253365,12.33893586115222,0.075,12m_average_plus_recent_yoy_trend
"NGAS_JP | Liquefied natural gas, Japan",2026-06-01,11.432124197218288,10.60700047426886,12.257247920167716,0.075,12m_average_plus_recent_yoy_trend
"NGAS_JP | Liquefied natural gas, Japan",2026-07-01,11.351015814039851,10.525892091090423,12.176139536989279,0.075,12m_average_plus_recent_yoy_trend
"NGAS_JP | Liquefied natural gas, Japan",2026-08-01,11.270482876833512,10.445359153884084,12.09560659978294,0.075,12m_average_plus_recent_yoy_trend
"NGAS_JP | Liquefied natural gas, Japan",2026-09-01,11.190521302937851,10.365397579988423,12.01564502588728,0.075,12m_average_plus_recent_yoy_trend
"NGAS_JP | Liquefied natural gas, Japan",2026-10-01,11.111127038657028,10.2860033157076,11.936250761606455,0.075,12m_average_plus_recent_yoy_trend
"NGAS_JP | Liquefied natural gas, Japan",2026-11-01,11.03229605905527,10.207172336105842,11.857419782004698,0.075,12m_average_plus_recent_yoy_trend
"NGAS_JP | Liquefied natural gas, Japan",2026-12-01,10.954024367752831,10.128900644803403,11.77914809070226,0.075,12m_average_plus_recent_yoy_trend
"NGAS_JP | Liquefied natural gas, Japan",2027-01-01,10.876307996723392,10.051184273773965,11.70143171967282,0.075,12m_average_plus_recent_yoy_trend
"NGAS_JP | Liquefied natural gas, Japan",2027-02-01,10.799143006092903,9.974019283143475,11.624266729042331,0.075,12m_average_plus_recent_yoy_trend
"NGAS_JP | Liquefied natural gas, Japan",2027-03-01,10.722525483939842,9.897401760990414,11.54764920688927,0.075,12m_average_plus_recent_yoy_trend
"NGAS_JP | Liquefied natural gas, Japan",2027-04-01,10.6464515460969,9.821327823147472,11.471575269046328,0.075,12m_average_plus_recent_yoy_trend
"NGAS_JP | Liquefied natural gas, Japan",2027-05-01,10.570917335954082,9.745793613004654,11.39604105890351,0.075,12m_average_plus_recent_yoy_trend
"NGAS_JP | Liquefied natural gas, Japan",2027-06-01,10.495919024263173,9.670795301313746,11.321042747212601,0.075,12m_average_plus_recent_yoy_trend
"NGAS_JP | Liquefied natural gas, Japan",2027-07-01,10.421452808943632,9.596329085994205,11.24657653189306,0.075,12m_average_plus_recent_yoy_trend
"NGAS_JP | Liquefied natural gas, Japan",2027-08-01,10.347514914889834,9.522391191940406,11.172638637839261,0.075,12m_average_plus_recent_yoy_trend
"NGAS_JP | Liquefied natural gas, Japan",2027-09-01,10.274101593779687,9.448977870830259,11.099225316729115,0.075,12m_average_plus_recent_yoy_trend
"NGAS_JP | Liquefied natural gas, Japan",2027-10-01,10.201209123884613,9.376085400935185,11.026332846834041,0.075,12m_average_plus_recent_yoy_trend
"NGAS_JP | Liquefied natural gas, Japan",2027-11-01,10.128833809880875,9.303710086931448,10.953957532830303,0.075,12m_average_plus_recent_yoy_trend
"NGAS_JP | Liquefied natural gas, Japan",2027-12-01,10.056971982662235,9.231848259712807,10.882095705611663,0.075,12m_average_plus_recent_yoy_trend
"NGAS_JP | Liquefied natural gas, Japan",2028-01-01,9.98561999915395,9.160496276204523,10.810743722103378,0.075,12m_average_plus_recent_yoy_trend
"NGAS_JP | Liquefied natural gas, Japan",2028-02-01,9.914774242128086,9.089650519178658,10.739897965077514,0.075,12m_average_plus_recent_yoy_trend
"NGAS_JP | Liquefied natural gas, Japan",2028-03-01,9.84443112002013,9.019307397070703,10.669554842969559,0.075,12m_average_plus_recent_yoy_trend
"NGAS_JP | Liquefied natural gas, Japan",2028-04-01,9.774587066746934,8.949463343797506,10.599710789696362,0.075,12m_average_plus_recent_yoy_trend
"NGAS_JP | Liquefied natural gas, Japan",2028-05-01,9.705238541525906,8.880114818576478,10.530362264475334,0.075,12m_average_plus_recent_yoy_trend
"NGAS_JP | Liquefied natural gas, Japan",2028-06-01,9.63638202869553,8.811258305746103,10.461505751644959,0.075,12m_average_plus_recent_yoy_trend
"NGAS_JP | Liquefied natural gas, Japan",2028-07-01,9.568014037537122,8.742890314587694,10.39313776048655,0.075,12m_average_plus_recent_yoy_trend
"NGAS_JP | Liquefied natural gas, Japan",2028-08-01,9.500131102097875,8.675007379148447,10.325254825047303,0.075,12m_average_plus_recent_yoy_trend
"NGAS_JP | Liquefied natural gas, Japan",2028-09-01,9.432729781015146,8.607606058065718,10.257853503964574,0.075,12m_average_plus_recent_yoy_trend
"NGAS_JP | Liquefied natural gas, Japan",2028-10-01,9.365806657341997,8.540682934392569,10.190930380291425,0.075,12m_average_plus_recent_yoy_trend
"NGAS_JP | Liquefied natural gas, Japan",2028-11-01,9.299358338373972,8.474234615424544,10.1244820613234,0.075,12m_average_plus_recent_yoy_trend
"NGAS_JP | Liquefied natural gas, Japan",2028-12-01,9.233381455477094,8.408257732527666,10.058505178426522,0.075,12m_average_plus_recent_yoy_trend
"NGAS_JP | Liquefied natural gas, Japan",2029-01-01,9.167872663917102,8.342748940967674,9.99299638686653,0.075,12m_average_plus_recent_yoy_trend
"NGAS_JP | Liquefied natural gas, Japan",2029-02-01,9.10282864268988,8.277704919740453,9.927952365639308,0.075,12m_average_plus_recent_yoy_trend
"NGAS_JP | Liquefied natural gas, Japan",2029-03-01,9.038246094353099,8.21312237140367,9.863369817302527,0.075,12m_average_plus_recent_yoy_trend
"NGAS_JP | Liquefied natural gas, Japan",2029-04-01,8.97412174485905,8.148998021909621,9.799245467808477,0.075,12m_average_plus_recent_yoy_trend
"NGAS_US | Natural gas, US",2026-05-01,3.721279127599224,2.642882998379598,4.79967525681885,0.125,12m_average_plus_recent_yoy_trend
"NGAS_US | Natural gas, US",2026-06-01,3.822145096501078,2.7437489672814515,4.900541225720705,0.125,12m_average_plus_recent_yoy_trend
"NGAS_US | Natural gas, US",2026-07-01,3.925745056413456,2.8473489271938295,5.004141185633083,0.125,12m_average_plus_recent_yoy_trend
"NGAS_US | Natural gas, US",2026-08-01,4.0321531126756245,2.953756983455998,5.110549241895251,0.125,12m_average_plus_recent_yoy_trend
"NGAS_US | Natural gas, US",2026-09-01,4.141445379265966,3.0630492500463395,5.219841508485593,0.125,12m_average_plus_recent_yoy_trend
"NGAS_US | Natural gas, US",2026-10-01,4.2537000332465364,3.1753039040269098,5.332096162466163,0.125,12m_average_plus_recent_yoy_trend
"NGAS_US | Natural gas, US",2026-11-01,4.368997370683319,3.2906012414636923,5.447393499902946,0.125,12m_average_plus_recent_yoy_trend
"NGAS_US | Natural gas, US",2026-12-01,4.48741986408223,3.409023734862603,5.5658159933018565,0.125,12m_average_plus_recent_yoy_trend
"NGAS_US | Natural gas, US",2027-01-01,4.609052221381933,3.5306560921623067,5.68744835060156,0.125,12m_average_plus_recent_yoy_trend
"NGAS_US | Natural gas, US",2027-02-01,4.7339814465456636,3.655585317326037,5.81237757576529,0.125,12m_average_plus_recent_yoy_trend
"NGAS_US | Natural gas, US",2027-03-01,4.862296901795397,3.7839007725757705,5.940693031015024,0.125,12m_average_plus_recent_yoy_trend
"NGAS_US | Natural gas, US",2027-04-01,4.9940903715329075,3.915694242313281,6.072486500752534,0.125,12m_average_plus_recent_yoy_trend
"NGAS_US | Natural gas, US",2027-05-01,5.129456127993394,4.051059998773767,6.207852257213021,0.125,12m_average_plus_recent_yoy_trend
"NGAS_US | Natural gas, US",2027-06-01,5.268490998678677,4.190094869459051,6.346887127898304,0.125,12m_average_plus_recent_yoy_trend
"NGAS_US | Natural gas, US",2027-07-01,5.411294435618185,4.332898306398558,6.489690564837812,0.125,12m_average_plus_recent_yoy_trend
"NGAS_US | Natural gas, US",2027-08-01,5.557968586507257,4.47957245728763,6.6363647157268835,0.125,12m_average_plus_recent_yoy_trend
"NGAS_US | Natural gas, US",2027-09-01,5.708618367773678,4.630222238554051,6.787014496993304,0.125,12m_average_plus_recent_yoy_trend
"NGAS_US | Natural gas, US",2027-10-01,5.863351539624694,4.784955410405067,6.941747668844321,0.125,12m_average_plus_recent_yoy_trend
"NGAS_US | Natural gas, US",2027-11-01,6.022278783128185,4.943882653908559,7.100674912347812,0.125,12m_average_plus_recent_yoy_trend
"NGAS_US | Natural gas, US",2027-12-01,6.1855137793831405,5.107117650163514,7.263909908602767,0.125,12m_average_plus_recent_yoy_trend
"NGAS_US | Natural gas, US",2028-01-01,6.3531732908360645,5.274777161616438,7.431569420055691,0.125,12m_average_plus_recent_yoy_trend
"NGAS_US | Natural gas, US",2028-02-01,6.525377244801481,5.446981115581854,7.603773374021108,0.125,12m_average_plus_recent_yoy_trend
"NGAS_US | Natural gas, US",2028-03-01,6.702248819246271,5.623852690026644,7.7806449484658975,0.125,12m_average_plus_recent_yoy_trend
"NGAS_US | Natural gas, US",2028-04-01,6.8839145308992205,5.805518401679594,7.962310660118847,0.125,12m_average_plus_recent_yoy_trend
"NGAS_US | Natural gas, US",2028-05-01,7.070504325748784,5.992108196529157,8.14890045496841,0.125,12m_average_plus_recent_yoy_trend
"NGAS_US | Natural gas, US",2028-06-01,7.262151671993811,6.183755542774184,8.340547801213438,0.125,12m_average_plus_recent_yoy_trend
"NGAS_US | Natural gas, US",2028-07-01,7.458993655513723,6.380597526294096,8.53738978473335,0.125,12m_average_plus_recent_yoy_trend
"NGAS_US | Natural gas, US",2028-08-01,7.661171077926418,6.582774948706791,8.739567207146044,0.125,12m_average_plus_recent_yoy_trend
"NGAS_US | Natural gas, US",2028-09-01,7.868828557304066,6.790432428084439,8.947224686523692,0.125,12m_average_plus_recent_yoy_trend
"NGAS_US | Natural gas, US",2028-10-01,8.082114631618815,7.003718502399188,9.160510760838442,0.125,12m_average_plus_recent_yoy_trend
"NGAS_US | Natural gas, US",2028-11-01,8.301181864992413,7.222785735772787,9.37957799421204,0.125,12m_average_plus_recent_yoy_trend
"NGAS_US | Natural gas, US",2028-12-01,8.526186956825754,7.447790827606127,9.60458308604538,0.125,12m_average_plus_recent_yoy_trend
"NGAS_US | Natural gas, US",2029-01-01,8.757290853886389,7.678894724666762,9.835686983106015,0.125,12m_average_plus_recent_yoy_trend
"NGAS_US | Natural gas, US",2029-02-01,8.994658865434198,7.916262736214572,10.073054994653825,0.125,12m_average_plus_recent_yoy_trend
"NGAS_US | Natural gas, US",2029-03-01,9.238460781467566,8.16006465224794,10.316856910687193,0.125,12m_average_plus_recent_yoy_trend
"NGAS_US | Natural gas, US",2029-04-01,9.488870994174636,8.41047486495501,10.567267123394263,0.125,12m_average_plus_recent_yoy_trend
PALM_OIL | Palm oil,2026-05-01,1016.1331224049153,909.5840631391746,1122.6821816706558,0.008333333333333333,12m_average_plus_recent_yoy_trend
PALM_OIL | Palm oil,2026-06-01,1016.8830607349378,910.3340014691971,1123.4321200006784,0.008333333333333333,12m_average_plus_recent_yoy_trend
PALM_OIL | Palm oil,2026-07-01,1017.6335525431282,911.0844932773875,1124.1826118088688,0.008333333333333333,12m_average_plus_recent_yoy_trend
PALM_OIL | Palm oil,2026-08-01,1018.3845982379705,911.8355389722299,1124.9336575037112,0.008333333333333333,12m_average_plus_recent_yoy_trend
PALM_OIL | Palm oil,2026-09-01,1019.1361982282511,912.5871389625105,1125.6852574939917,0.008333333333333333,12m_average_plus_recent_yoy_trend
PALM_OIL | Palm oil,2026-10-01,1019.8883529230571,913.3392936573165,1126.4374121887977,0.008333333333333333,12m_average_plus_recent_yoy_trend
PALM_OIL | Palm oil,2026-11-01,1020.6410627317782,914.0920034660376,1127.1901219975189,0.008333333333333333,12m_average_plus_recent_yoy_trend
PALM_OIL | Palm oil,2026-12-01,1021.3943280641059,914.8452687983653,1127.9433873298465,0.008333333333333333,12m_average_plus_recent_yoy_trend
PALM_OIL | Palm oil,2027-01-01,1022.1481493300341,915.5990900642935,1128.6972085957748,0.008333333333333333,12m_average_plus_recent_yoy_trend
PALM_OIL | Palm oil,2027-02-01,1022.9025269398594,916.3534676741187,1129.4515862056,0.008333333333333333,12m_average_plus_recent_yoy_trend
PALM_OIL | Palm oil,2027-03-01,1023.6574613041813,917.1084020384407,1130.2065205699218,0.008333333333333333,12m_average_plus_recent_yoy_trend
PALM_OIL | Palm oil,2027-04-01,1024.412952833902,917.8638935681613,1130.9620120996426,0.008333333333333333,12m_average_plus_recent_yoy_trend
PALM_OIL | Palm oil,2027-05-01,1025.1690019402272,918.6199426744865,1131.7180612059678,0.008333333333333333,12m_average_plus_recent_yoy_trend
PALM_OIL | Palm oil,2027-06-01,1025.925609034666,919.3765497689253,1132.4746683004066,0.008333333333333333,12m_average_plus_recent_yoy_trend
PALM_OIL | Palm oil,2027-07-01,1026.6827745290316,920.1337152632909,1133.2318337947722,0.008333333333333333,12m_average_plus_recent_yoy_trend
PALM_OIL | Palm oil,2027-08-01,1027.4404988354402,920.8914395696995,1133.9895581011808,0.008333333333333333,12m_average_plus_recent_yoy_trend
PALM_OIL | Palm oil,2027-09-01,1028.1987823663133,921.6497231005726,1134.747841632054,0.008333333333333333,12m_average_plus_recent_yoy_trend
PALM_OIL | Palm oil,2027-10-01,1028.9576255343757,922.408566268635,1135.5066848001163,0.008333333333333333,12m_average_plus_recent_yoy_trend
PALM_OIL | Palm oil,2027-11-01,1029.7170287526576,923.167969486917,1136.2660880183982,0.008333333333333333,12m_average_plus_recent_yoy_trend
PALM_OIL | Palm oil,2027-12-01,1030.4769924344937,923.927933168753,1137.0260517002343,0.008333333333333333,12m_average_plus_recent_yoy_trend
PALM_OIL | Palm oil,2028-01-01,1031.2375169935237,924.6884577277831,1137.7865762592644,0.008333333333333333,12m_average_plus_recent_yoy_trend
PALM_OIL | Palm oil,2028-02-01,1031.998602843693,925.4495435779525,1138.5476621094338,0.008333333333333333,12m_average_plus_recent_yoy_trend
PALM_OIL | Palm oil,2028-03-01,1032.7602503992518,926.2111911335112,1139.3093096649925,0.008333333333333333,12m_average_plus_recent_yoy_trend
PALM_OIL | Palm oil,2028-04-01,1033.522460074757,926.9734008090163,1140.0715193404976,0.008333333333333333,12m_average_plus_recent_yoy_trend
PALM_OIL | Palm oil,2028-05-01,1034.2852322850702,927.7361730193295,1140.8342915508108,0.008333333333333333,12m_average_plus_recent_yoy_trend
PALM_OIL | Palm oil,2028-06-01,1035.04856744536,928.4995081796194,1141.5976267111007,0.008333333333333333,12m_average_plus_recent_yoy_trend
PALM_OIL | Palm oil,2028-07-01,1035.8124659711016,929.2634067053609,1142.3615252368422,0.008333333333333333,12m_average_plus_recent_yoy_trend
PALM_OIL | Palm oil,2028-08-01,1036.576928278076,930.0278690123353,1143.1259875438166,0.008333333333333333,12m_average_plus_recent_yoy_trend
PALM_OIL | Palm oil,2028-09-01,1037.3419547823717,930.792895516631,1143.8910140481123,0.008333333333333333,12m_average_plus_recent_yoy_trend
PALM_OIL | Palm oil,2028-10-01,1038.1075459003846,931.5584866346439,1144.6566051661252,0.008333333333333333,12m_average_plus_recent_yoy_trend
PALM_OIL | Palm oil,2028-11-01,1038.873702048817,932.3246427830763,1145.4227613145576,0.008333333333333333,12m_average_plus_recent_yoy_trend
PALM_OIL | Palm oil,2028-12-01,1039.6404236446792,933.0913643789386,1146.1894829104199,0.008333333333333333,12m_average_plus_recent_yoy_trend
PALM_OIL | Palm oil,2029-01-01,1040.4077111052895,933.8586518395489,1146.9567703710302,0.008333333333333333,12m_average_plus_recent_yoy_trend
PALM_OIL | Palm oil,2029-02-01,1041.1755648482738,934.6265055825331,1147.7246241140144,0.008333333333333333,12m_average_plus_recent_yoy_trend
PALM_OIL | Palm oil,2029-03-01,1041.9439852915662,935.3949260258255,1148.4930445573068,0.008333333333333333,12m_average_plus_recent_yoy_trend
PALM_OIL | Palm oil,2029-04-01,1042.7129728534096,936.163913587669,1149.2620321191503,0.008333333333333333,12m_average_plus_recent_yoy_trend
PLMKRNL_OIL | Palm kernel oil,2026-05-01,2285.086442829965,1726.694684205294,2843.4782014546363,0.05,12m_average_plus_recent_yoy_trend
PLMKRNL_OIL | Palm kernel oil,2026-06-01,2350.2764007803494,1791.8846421556782,2908.6681594050206,0.05,12m_average_plus_recent_yoy_trend
PLMKRNL_OIL | Palm kernel oil,2026-07-01,2417.3261267193398,1858.9343680946686,2975.717885344011,0.05,12m_average_plus_recent_yoy_trend
PLMKRNL_OIL | Palm kernel oil,2026-08-01,2486.288676931679,1927.896918307008,3044.6804355563504,0.05,12m_average_plus_recent_yoy_trend
PLMKRNL_OIL | Palm kernel oil,2026-09-01,2557.2186213152986,1998.8268626906274,3115.61037993997,0.05,12m_average_plus_recent_yoy_trend
PLMKRNL_OIL | Palm kernel oil,2026-10-01,2630.172086562341,2071.78032793767,3188.5638451870122,0.05,12m_average_plus_recent_yoy_trend
PLMKRNL_OIL | Palm kernel oil,2026-11-01,2705.2068005720776,2146.8150419474064,3263.5985591967487,0.05,12m_average_plus_recent_yoy_trend
PLMKRNL_OIL | Palm kernel oil,2026-12-01,2782.3821381308544,2223.990379506183,3340.7738967555256,0.05,12m_average_plus_recent_yoy_trend
PLMKRNL_OIL | Palm kernel oil,2027-01-01,2861.7591678952144,2303.3674092705432,3420.1509265198856,0.05,12m_average_plus_recent_yoy_trend
PLMKRNL_OIL | Palm kernel oil,2027-02-01,2943.4007007153787,2385.0089420907075,3501.79245934005,0.05,12m_average_plus_recent_yoy_trend
PLMKRNL_OIL | Palm kernel oil,2027-03-01,3027.3713393373177,2468.9795807126466,3585.763097961989,0.05,12m_average_plus_recent_yoy_trend
PLMKRNL_OIL | Palm kernel oil,2027-04-01,3113.737529522746,2555.345770898075,3672.1292881474174,0.05,12m_average_plus_recent_yoy_trend
PLMKRNL_OIL | Palm kernel oil,2027-05-01,3202.567612627495,2644.1758540028236,3760.959371252166,0.05,12m_average_plus_recent_yoy_trend
PLMKRNL_OIL | Palm kernel oil,2027-06-01,3293.9318796798566,2735.5401210551854,3852.323638304528,0.05,12m_average_plus_recent_yoy_trend
PLMKRNL_OIL | Palm kernel oil,2027-07-01,3387.902627001706,2829.510868377035,3946.2943856263773,0.05,12m_average_plus_recent_yoy_trend
PLMKRNL_OIL | Palm kernel oil,2027-08-01,3484.5542134164048,2926.1624547917336,4042.945972041076,0.05,12m_average_plus_recent_yoy_trend
PLMKRNL_OIL | Palm kernel oil,2027-09-01,3583.963119088755,3025.5713604640837,4142.354877713426,0.05,12m_average_plus_recent_yoy_trend
PLMKRNL_OIL | Palm kernel oil,2027-10-01,3686.2080060435665,3127.8162474188953,4244.599764668237,0.05,12m_average_plus_recent_yoy_trend
PLMKRNL_OIL | Palm kernel oil,2027-11-01,3791.36978041073,3232.978021786059,4349.761539035401,0.05,12m_average_plus_recent_yoy_trend
PLMKRNL_OIL | Palm kernel oil,2027-12-01,3899.531656446036,3341.1398978213647,4457.923415070707,0.05,12m_average_plus_recent_yoy_trend
PLMKRNL_OIL | Palm kernel oil,2028-01-01,4010.7792223784136,3452.3874637537424,4569.170981003084,0.05,12m_average_plus_recent_yoy_trend
PLMKRNL_OIL | Palm kernel oil,2028-02-01,4125.200508135689,3566.808749511018,4683.592266760361,0.05,12m_average_plus_recent_yoy_trend
PLMKRNL_OIL | Palm kernel oil,2028-03-01,4242.886055002451,3684.49429637778,4801.277813627123,0.05,12m_average_plus_recent_yoy_trend
PLMKRNL_OIL | Palm kernel oil,2028-04-01,4363.92898726515,3805.5372286404786,4922.320745889821,0.05,12m_average_plus_recent_yoy_trend
PLMKRNL_OIL | Palm kernel oil,2028-05-01,4488.42508590112,3930.0333272764487,5046.816844525791,0.05,12m_average_plus_recent_yoy_trend
PLMKRNL_OIL | Palm kernel oil,2028-06-01,4616.47286436983,4058.0811057451588,5174.864622994501,0.05,12m_average_plus_recent_yoy_trend
PLMKRNL_OIL | Palm kernel oil,2028-07-01,4748.173646566344,4189.781887941674,5306.565405191015,0.05,12m_average_plus_recent_yoy_trend
PLMKRNL_OIL | Palm kernel oil,2028-08-01,4883.631646998679,4325.239888374008,5442.023405623349,0.05,12m_average_plus_recent_yoy_trend
PLMKRNL_OIL | Palm kernel oil,2028-09-01,5022.95405325248,4464.562294627809,5581.3458118771505,0.05,12m_average_plus_recent_yoy_trend
PLMKRNL_OIL | Palm kernel oil,2028-10-01,5166.2511108083045,4607.859352183634,5724.642869432975,0.05,12m_average_plus_recent_yoy_trend
PLMKRNL_OIL | Palm kernel oil,2028-11-01,5313.636210278599,4755.244451653927,5872.02796890327,0.05,12m_average_plus_recent_yoy_trend
PLMKRNL_OIL | Palm kernel oil,2028-12-01,5465.2259771334175,4906.834218508746,6023.617735758089,0.05,12m_average_plus_recent_yoy_trend
PLMKRNL_OIL | Palm kernel oil,2029-01-01,5621.1403639858645,5062.748605361194,6179.532122610535,0.05,12m_average_plus_recent_yoy_trend
PLMKRNL_OIL | Palm kernel oil,2029-02-01,5781.502745510314,5223.110986885642,6339.894504134985,0.05,12m_average_plus_recent_yoy_trend
PLMKRNL_OIL | Palm kernel oil,2029-03-01,5946.440016068482,5388.04825744381,6504.831774693153,0.05,12m_average_plus_recent_yoy_trend
PLMKRNL_OIL | Palm kernel oil,2029-04-01,6116.082690120629,5557.690931495958,6674.474448745301,0.05,12m_average_plus_recent_yoy_trend
RAPESEED_OIL | Rapeseed oil,2026-05-01,1267.4536716990792,1160.8303102265652,1374.0770331715933,0.03333333333333333,12m_average_plus_recent_yoy_trend
RAPESEED_OIL | Rapeseed oil,2026-06-01,1277.4358876554957,1170.8125261829816,1384.0592491280097,0.03333333333333333,12m_average_plus_recent_yoy_trend
RAPESEED_OIL | Rapeseed oil,2026-07-01,1287.4967215824345,1180.8733601099204,1394.1200830549485,0.03333333333333333,12m_average_plus_recent_yoy_trend
RAPESEED_OIL | Rapeseed oil,2026-08-01,1297.636792659577,1191.013431187063,1404.260154132091,0.03333333333333333,12m_average_plus_recent_yoy_trend
RAPESEED_OIL | Rapeseed oil,2026-09-01,1307.8567249431412,1201.2333634706272,1414.4800864156553,0.03333333333333333,12m_average_plus_recent_yoy_trend
RAPESEED_OIL | Rapeseed oil,2026-10-01,1318.1571474042892,1211.5337859317751,1424.7805088768032,0.03333333333333333,12m_average_plus_recent_yoy_trend
RAPESEED_OIL | Rapeseed oil,2026-11-01,1328.5386939678367,1221.9153324953227,1435.1620554403507,0.03333333333333333,12m_average_plus_recent_yoy_trend
RAPESEED_OIL | Rapeseed oil,2026-12-01,1339.0020035512664,1232.3786420787524,1445.6253650237804,0.03333333333333333,12m_average_plus_recent_yoy_trend
RAPESEED_OIL | Rapeseed oil,2027-01-01,1349.5477201040499,1242.9243586315358,1456.171081576564,0.03333333333333333,12m_average_plus_recent_yoy_trend
RAPESEED_OIL | Rapeseed oil,2027-02-01,1360.1764926472772,1253.5531311747632,1466.7998541197912,0.03333333333333333,12m_average_plus_recent_yoy_trend
RAPESEED_OIL | Rapeseed oil,2027-03-01,1370.8889753136018,1264.2656138410878,1477.5123367861158,0.03333333333333333,12m_average_plus_recent_yoy_trend
RAPESEED_OIL | Rapeseed oil,2027-04-01,1381.685827387497,1275.062465914983,1488.309188860011,0.03333333333333333,12m_average_plus_recent_yoy_trend
RAPESEED_OIL | Rapeseed oil,2027-05-01,1392.5677133458319,1285.9443518733178,1499.191074818346,0.03333333333333333,12m_average_plus_recent_yoy_trend
RAPESEED_OIL | Rapeseed oil,2027-06-01,1403.535302898763,1296.9119414262489,1510.158664371277,0.03333333333333333,12m_average_plus_recent_yoy_trend
RAPESEED_OIL | Rapeseed oil,2027-07-01,1414.5892710309533,1307.9659095584393,1521.2126325034674,0.03333333333333333,12m_average_plus_recent_yoy_trend
RAPESEED_OIL | Rapeseed oil,2027-08-01,1425.7302980431132,1319.1069365705991,1532.3536595156272,0.03333333333333333,12m_average_plus_recent_yoy_trend
RAPESEED_OIL | Rapeseed oil,2027-09-01,1436.9590695938662,1330.3357081213521,1543.5824310663802,0.03333333333333333,12m_average_plus_recent_yoy_trend
RAPESEED_OIL | Rapeseed oil,2027-10-01,1448.2762767419492,1341.6529152694352,1554.8996382144633,0.03333333333333333,12m_average_plus_recent_yoy_trend
RAPESEED_OIL | Rapeseed oil,2027-11-01,1459.6826159887419,1353.0592545162278,1566.305977461256,0.03333333333333333,12m_average_plus_recent_yoy_trend
RAPESEED_OIL | Rapeseed oil,2027-12-01,1471.1787893211315,1364.5554278486175,1577.8021507936455,0.03333333333333333,12m_average_plus_recent_yoy_trend
RAPESEED_OIL | Rapeseed oil,2028-01-01,1482.7655042547162,1376.1421427822022,1589.3888657272303,0.03333333333333333,12m_average_plus_recent_yoy_trend
RAPESEED_OIL | Rapeseed oil,2028-02-01,1494.4434738773482,1387.8201124048342,1601.0668353498622,0.03333333333333333,12m_average_plus_recent_yoy_trend
RAPESEED_OIL | Rapeseed oil,2028-03-01,1506.213416893019,1399.590055420505,1612.836778365533,0.03333333333333333,12m_average_plus_recent_yoy_trend
RAPESEED_OIL | Rapeseed oil,2028-04-01,1518.0760576660914,1411.4526961935774,1624.6994191386054,0.03333333333333333,12m_average_plus_recent_yoy_trend
RAPESEED_OIL | Rapeseed oil,2028-05-01,1530.0321262658797,1423.4087647933657,1636.6554877383937,0.03333333333333333,12m_average_plus_recent_yoy_trend
RAPESEED_OIL | Rapeseed oil,2028-06-01,1542.0823585115813,1435.4589970390673,1648.7057199840954,0.03333333333333333,12m_average_plus_recent_yoy_trend
RAPESEED_OIL | Rapeseed oil,2028-07-01,1554.2274960175596,1447.6041345450456,1660.8508574900736,0.03333333333333333,12m_average_plus_recent_yoy_trend
RAPESEED_OIL | Rapeseed oil,2028-08-01,1566.4682862389877,1459.8449247664737,1673.0916477115018,0.03333333333333333,12m_average_plus_recent_yoy_trend
RAPESEED_OIL | Rapeseed oil,2028-09-01,1578.805482517849,1472.182121045335,1685.428843990363,0.03333333333333333,12m_average_plus_recent_yoy_trend
RAPESEED_OIL | Rapeseed oil,2028-10-01,1591.2398441292994,1484.6164826567854,1697.8632056018134,0.03333333333333333,12m_average_plus_recent_yoy_trend
RAPESEED_OIL | Rapeseed oil,2028-11-01,1603.772136328398,1497.1487748558839,1710.395497800912,0.03333333333333333,12m_average_plus_recent_yoy_trend
RAPESEED_OIL | Rapeseed oil,2028-12-01,1616.4031303972006,1509.7797689246866,1723.0264918697146,0.03333333333333333,12m_average_plus_recent_yoy_trend
RAPESEED_OIL | Rapeseed oil,2029-01-01,1629.13360369223,1522.510242219716,1735.756965164744,0.03333333333333333,12m_average_plus_recent_yoy_trend
RAPESEED_OIL | Rapeseed oil,2029-02-01,1641.9643396923161,1535.340978219802,1748.5877011648302,0.03333333333333333,12m_average_plus_recent_yoy_trend
RAPESEED_OIL | Rapeseed oil,2029-03-01,1654.8961280468134,1548.2727665742993,1761.5194895193274,0.03333333333333333,12m_average_plus_recent_yoy_trend
RAPESEED_OIL | Rapeseed oil,2029-04-01,1667.9297646242003,1561.3064031516863,1774.5531260967143,0.03333333333333333,12m_average_plus_recent_yoy_trend
SOYBEAN_OIL | Soybean oil,2026-05-01,1267.1399185180373,1126.163904897662,1408.1159321384127,0.016666666666666666,12m_average_plus_recent_yoy_trend
SOYBEAN_OIL | Soybean oil,2026-06-01,1286.2079283103242,1145.2319146899488,1427.1839419306996,0.016666666666666666,12m_average_plus_recent_yoy_trend
SOYBEAN_OIL | Soybean oil,2026-07-01,1305.5628748426864,1164.586861222311,1446.5388884630618,0.016666666666666666,12m_average_plus_recent_yoy_trend
SOYBEAN_OIL | Soybean oil,2026-08-01,1325.209075959183,1184.2330623388077,1466.1850895795585,0.016666666666666666,12m_average_plus_recent_yoy_trend
SOYBEAN_OIL | Soybean oil,2026-09-01,1345.1509144790919,1204.1749008587165,1486.1269280994672,0.016666666666666666,12m_average_plus_recent_yoy_trend
SOYBEAN_OIL | Soybean oil,2026-10-01,1365.3928391746604,1224.416825554285,1506.3688527950358,0.016666666666666666,12m_average_plus_recent_yoy_trend
SOYBEAN_OIL | Soybean oil,2026-11-01,1385.939365763571,1244.9633521431956,1526.9153793839464,0.016666666666666666,12m_average_plus_recent_yoy_trend
SOYBEAN_OIL | Soybean oil,2026-12-01,1406.7950779163402,1265.8190642959648,1547.7710915367156,0.016666666666666666,12m_average_plus_recent_yoy_trend
SOYBEAN_OIL | Soybean oil,2027-01-01,1427.964628278878,1286.9886146585027,1568.9406418992535,0.016666666666666666,12m_average_plus_recent_yoy_trend
SOYBEAN_OIL | Soybean oil,2027-02-01,1449.4527395104344,1308.476725890059,1590.4287531308098,0.016666666666666666,12m_average_plus_recent_yoy_trend
SOYBEAN_OIL | Soybean oil,2027-03-01,1471.2642053371649,1330.2881917167895,1612.2402189575403,0.016666666666666666,12m_average_plus_recent_yoy_trend
SOYBEAN_OIL | Soybean oil,2027-04-01,1493.4038916215495,1352.4278780011741,1634.379905241925,0.016666666666666666,12m_average_plus_recent_yoy_trend
SOYBEAN_OIL | Soybean oil,2027-05-01,1515.876737447907,1374.9007238275317,1656.8527510682825,0.016666666666666666,12m_average_plus_recent_yoy_trend
SOYBEAN_OIL | Soybean oil,2027-06-01,1538.6877562242405,1397.711742603865,1679.663769844616,0.016666666666666666,12m_average_plus_recent_yoy_trend
SOYBEAN_OIL | Soybean oil,2027-07-01,1561.8420368006664,1420.866023180291,1702.8180504210418,0.016666666666666666,12m_average_plus_recent_yoy_trend
SOYBEAN_OIL | Soybean oil,2027-08-01,1585.3447446046714,1444.368730984296,1726.3207582250468,0.016666666666666666,12m_average_plus_recent_yoy_trend
SOYBEAN_OIL | Soybean oil,2027-09-01,1609.2011227934563,1468.225109173081,1750.1771364138317,0.016666666666666666,12m_average_plus_recent_yoy_trend
SOYBEAN_OIL | Soybean oil,2027-10-01,1633.4164934236162,1492.4404798032408,1774.3925070439916,0.016666666666666666,12m_average_plus_recent_yoy_trend
SOYBEAN_OIL | Soybean oil,2027-11-01,1657.9962586384243,1517.0202450180489,1798.9722722587996,0.016666666666666666,12m_average_plus_recent_yoy_trend
SOYBEAN_OIL | Soybean oil,2027-12-01,1682.9459018729829,1541.9698882526075,1823.9219154933583,0.016666666666666666,12m_average_plus_recent_yoy_trend
SOYBEAN_OIL | Soybean oil,2028-01-01,1708.270989077507,1567.2949754571316,1849.2470026978824,0.016666666666666666,12m_average_plus_recent_yoy_trend
SOYBEAN_OIL | Soybean oil,2028-02-01,1733.9771699590192,1593.0011563386438,1874.9531835793946,0.016666666666666666,12m_average_plus_recent_yoy_trend
SOYBEAN_OIL | Soybean oil,2028-03-01,1760.070179241727,1619.0941656213515,1901.0461928621023,0.016666666666666666,12m_average_plus_recent_yoy_trend
SOYBEAN_OIL | Soybean oil,2028-04-01,1786.5558379463662,1645.5798243259908,1927.5318515667416,0.016666666666666666,12m_average_plus_recent_yoy_trend
SOYBEAN_OIL | Soybean oil,2028-05-01,1813.4400546888,1672.4640410684246,1954.4160683091754,0.016666666666666666,12m_average_plus_recent_yoy_trend
SOYBEAN_OIL | Soybean oil,2028-06-01,1840.7288269981534,1699.752813377778,1981.7048406185288,0.016666666666666666,12m_average_plus_recent_yoy_trend
SOYBEAN_OIL | Soybean oil,2028-07-01,1868.4282426547882,1727.4522290344128,2009.4042562751636,0.016666666666666666,12m_average_plus_recent_yoy_trend
SOYBEAN_OIL | Soybean oil,2028-08-01,1896.5444810484096,1755.5684674280342,2037.520494668785,0.016666666666666666,12m_average_plus_recent_yoy_trend
SOYBEAN_OIL | Soybean oil,2028-09-01,1925.0838145566088,1784.1078009362334,2066.0598281769844,0.016666666666666666,12m_average_plus_recent_yoy_trend
SOYBEAN_OIL | Soybean oil,2028-10-01,1954.052609944153,1813.0765963237775,2095.0286235645285,0.016666666666666666,12m_average_plus_recent_yoy_trend
SOYBEAN_OIL | Soybean oil,2028-11-01,1983.4573297833285,1842.4813161629531,2124.433343403704,0.016666666666666666,12m_average_plus_recent_yoy_trend
SOYBEAN_OIL | Soybean oil,2028-12-01,2013.3045338956606,1872.3285202752852,2154.280547516036,0.016666666666666666,12m_average_plus_recent_yoy_trend
SOYBEAN_OIL | Soybean oil,2029-01-01,2043.6008808153254,1902.62486719495,2184.576894435701,0.016666666666666666,12m_average_plus_recent_yoy_trend
SOYBEAN_OIL | Soybean oil,2029-02-01,2074.3531292745847,1933.3771156542093,2215.32914289496,0.016666666666666666,12m_average_plus_recent_yoy_trend
SOYBEAN_OIL | Soybean oil,2029-03-01,2105.5681397115764,1964.592126091201,2246.5441533319517,0.016666666666666666,12m_average_plus_recent_yoy_trend
SOYBEAN_OIL | Soybean oil,2029-04-01,2137.2528758007866,1996.2768621804112,2278.228889421162,0.016666666666666666,12m_average_plus_recent_yoy_trend
SUNFLOWER_OIL | Sunflower oil,2026-05-01,1361.0916532259405,1178.9067871254035,1543.2765193264775,0.03333333333333333,12m_average_plus_recent_yoy_trend
SUNFLOWER_OIL | Sunflower oil,2026-06-01,1380.0973759266283,1197.9125098260913,1562.2822420271652,0.03333333333333333,12m_average_plus_recent_yoy_trend
SUNFLOWER_OIL | Sunflower oil,2026-07-01,1399.3684867035113,1217.1836206029743,1581.5533528040482,0.03333333333333333,12m_average_plus_recent_yoy_trend
SUNFLOWER_OIL | Sunflower oil,2026-08-01,1418.9086913262731,1236.7238252257362,1601.09355742681,0.03333333333333333,12m_average_plus_recent_yoy_trend
SUNFLOWER_OIL | Sunflower oil,2026-09-01,1438.7217473104363,1256.5368812098993,1620.9066134109733,0.03333333333333333,12m_average_plus_recent_yoy_trend
SUNFLOWER_OIL | Sunflower oil,2026-10-01,1458.811464639922,1276.626598539385,1640.996330740459,0.03333333333333333,12m_average_plus_recent_yoy_trend
SUNFLOWER_OIL | Sunflower oil,2026-11-01,1479.1817064996944,1296.9968403991575,1661.3665726002314,0.03333333333333333,12m_average_plus_recent_yoy_trend
SUNFLOWER_OIL | Sunflower oil,2026-12-01,1499.8363900186425,1317.6515239181056,1682.0212561191795,0.03333333333333333,12m_average_plus_recent_yoy_trend
SUNFLOWER_OIL | Sunflower oil,2027-01-01,1520.7794870228256,1338.5946209222886,1702.9643531233626,0.03333333333333333,12m_average_plus_recent_yoy_trend
SUNFLOWER_OIL | Sunflower oil,2027-02-01,1542.0150247992458,1359.8301586987088,1724.1998908997828,0.03333333333333333,12m_average_plus_recent_yoy_trend
SUNFLOWER_OIL | Sunflower oil,2027-03-01,1563.547086870281,1381.362220769744,1745.731952970818,0.03333333333333333,12m_average_plus_recent_yoy_trend
SUNFLOWER_OIL | Sunflower oil,2027-04-01,1585.3798137789308,1403.1949476783939,1767.5646798794678,0.03333333333333333,12m_average_plus_recent_yoy_trend
SUNFLOWER_OIL | Sunflower oil,2027-05-01,1607.5174038850312,1425.3325377844942,1789.7022699855681,0.03333333333333333,12m_average_plus_recent_yoy_trend
SUNFLOWER_OIL | Sunflower oil,2027-06-01,1629.9641141725833,1447.7792480720464,1812.1489802731203,0.03333333333333333,12m_average_plus_recent_yoy_trend
SUNFLOWER_OIL | Sunflower oil,2027-07-01,1652.7242610683588,1470.5393949678219,1834.9091271688958,0.03333333333333333,12m_average_plus_recent_yoy_trend
SUNFLOWER_OIL | Sunflower oil,2027-08-01,1675.8022212719325,1493.6173551713955,1857.9870873724694,0.03333333333333333,12m_average_plus_recent_yoy_trend
SUNFLOWER_OIL | Sunflower oil,2027-09-01,1699.2024325973073,1517.0175664967703,1881.3872986978442,0.03333333333333333,12m_average_plus_recent_yoy_trend
SUNFLOWER_OIL | Sunflower oil,2027-10-01,1722.929394826292,1540.7445287257551,1905.114260926829,0.03333333333333333,12m_average_plus_recent_yoy_trend
SUNFLOWER_OIL | Sunflower oil,2027-11-01,1746.9876705737936,1564.8028044732566,1929.1725366743306,0.03333333333333333,12m_average_plus_recent_yoy_trend
SUNFLOWER_OIL | Sunflower oil,2027-12-01,1771.3818861651914,1589.1970200646545,1953.5667522657284,0.03333333333333333,12m_average_plus_recent_yoy_trend
SUNFLOWER_OIL | Sunflower oil,2028-01-01,1796.1167325259664,1613.9318664254295,1978.3015986265034,0.03333333333333333,12m_average_plus_recent_yoy_trend
SUNFLOWER_OIL | Sunflower oil,2028-02-01,1821.196966083748,1639.012099983211,2003.381832184285,0.03333333333333333,12m_average_plus_recent_yoy_trend
SUNFLOWER_OIL | Sunflower oil,2028-03-01,1846.627409682961,1664.442543582424,2028.8122757834979,0.03333333333333333,12m_average_plus_recent_yoy_trend
SUNFLOWER_OIL | Sunflower oil,2028-04-01,1872.4129535122402,1690.2280874117032,2054.597819612777,0.03333333333333333,12m_average_plus_recent_yoy_trend
SUNFLOWER_OIL | Sunflower oil,2028-05-01,1898.5585560447992,1716.3736899442622,2080.7434221453364,0.03333333333333333,12m_average_plus_recent_yoy_trend
SUNFLOWER_OIL | Sunflower oil,2028-06-01,1925.0692449919277,1742.8843788913907,2107.254111092465,0.03333333333333333,12m_average_plus_recent_yoy_trend
SUNFLOWER_OIL | Sunflower oil,2028-07-01,1951.950118269802,1769.765252169265,2134.134984370339,0.03333333333333333,12m_average_plus_recent_yoy_trend
SUNFLOWER_OIL | Sunflower oil,2028-08-01,1979.2063449797984,1797.0214788792614,2161.3912110803353,0.03333333333333333,12m_average_plus_recent_yoy_trend
SUNFLOWER_OIL | Sunflower oil,2028-09-01,2006.8431664024947,1824.6583003019578,2189.0280325030317,0.03333333333333333,12m_average_plus_recent_yoy_trend
SUNFLOWER_OIL | Sunflower oil,2028-10-01,2034.8658970055487,1852.6810309050118,2217.050763106086,0.03333333333333333,12m_average_plus_recent_yoy_trend
SUNFLOWER_OIL | Sunflower oil,2028-11-01,2063.279925465654,1881.0950593651169,2245.464791566191,0.03333333333333333,12m_average_plus_recent_yoy_trend
SUNFLOWER_OIL | Sunflower oil,2028-12-01,2092.090715704764,1909.9058496042271,2274.275581805301,0.03333333333333333,12m_average_plus_recent_yoy_trend
SUNFLOWER_OIL | Sunflower oil,2029-01-01,2121.303807940785,1939.1189418402482,2303.488674041322,0.03333333333333333,12m_average_plus_recent_yoy_trend
SUNFLOWER_OIL | Sunflower oil,2029-02-01,2150.9248197529437,1968.7399536524067,2333.1096858534806,0.03333333333333333,12m_average_plus_recent_yoy_trend
SUNFLOWER_OIL | Sunflower oil,2029-03-01,2180.9594471620244,1998.7745810614874,2363.1443132625614,0.03333333333333333,12m_average_plus_recent_yoy_trend
SUNFLOWER_OIL | Sunflower oil,2029-04-01,2211.4134657257,2029.228599625163,2393.598331826237,0.03333333333333333,12m_average_plus_recent_yoy_trend
iNATGAS | Natural gas index,2026-05-01,109.95472167931335,91.65549870479418,128.25394465383252,0.10833333333333334,12m_average_plus_recent_yoy_trend
iNATGAS | Natural gas index,2026-06-01,110.60978253467842,92.31055956015925,128.90900550919758,0.10833333333333334,12m_average_plus_recent_yoy_trend
iNATGAS | Natural gas index,2026-07-01,111.26874594845734,92.96952297393818,129.5679689229765,0.10833333333333334,12m_average_plus_recent_yoy_trend
iNATGAS | Natural gas index,2026-08-01,111.93163517034064,93.63241219582147,130.2308581448598,0.10833333333333334,12m_average_plus_recent_yoy_trend
iNATGAS | Natural gas index,2026-09-01,112.5984735885301,94.29925061401093,130.89769656304927,0.10833333333333334,12m_average_plus_recent_yoy_trend
iNATGAS | Natural gas index,2026-10-01,113.26928473056385,94.97006175604469,131.56850770508302,0.10833333333333334,12m_average_plus_recent_yoy_trend
iNATGAS | Natural gas index,2026-11-01,113.94409226414658,95.64486928962742,132.24331523866573,0.10833333333333334,12m_average_plus_recent_yoy_trend
iNATGAS | Natural gas index,2026-12-01,114.62291999798452,96.32369702346537,132.92214297250368,0.10833333333333334,12m_average_plus_recent_yoy_trend
iNATGAS | Natural gas index,2027-01-01,115.30579188262546,97.00656890810629,133.60501485714462,0.10833333333333334,12m_average_plus_recent_yoy_trend
iNATGAS | Natural gas index,2027-02-01,115.99273201130383,97.69350903678466,134.291954985823,0.10833333333333334,12m_average_plus_recent_yoy_trend
iNATGAS | Natural gas index,2027-03-01,116.68376462079067,98.38454164627151,134.98298759530982,0.10833333333333334,12m_average_plus_recent_yoy_trend
iNATGAS | Natural gas index,2027-04-01,117.3789140922489,99.07969111772974,135.67813706676807,0.10833333333333334,12m_average_plus_recent_yoy_trend
iNATGAS | Natural gas index,2027-05-01,118.07820495209343,99.77898197757426,136.3774279266126,0.10833333333333334,12m_average_plus_recent_yoy_trend
iNATGAS | Natural gas index,2027-06-01,118.78166187285649,100.48243889833734,137.08088484737564,0.10833333333333334,12m_average_plus_recent_yoy_trend
iNATGAS | Natural gas index,2027-07-01,119.48930967405826,101.19008669953911,137.78853264857742,0.10833333333333334,12m_average_plus_recent_yoy_trend
iNATGAS | Natural gas index,2027-08-01,120.20117332308241,101.90195034856325,138.50039629760158,0.10833333333333334,12m_average_plus_recent_yoy_trend
iNATGAS | Natural gas index,2027-09-01,120.9172779360571,102.61805496153795,139.21650091057626,0.10833333333333334,12m_average_plus_recent_yoy_trend
iNATGAS | Natural gas index,2027-10-01,121.63764877874108,103.33842580422191,139.93687175326025,0.10833333333333334,12m_average_plus_recent_yoy_trend
iNATGAS | Natural gas index,2027-11-01,122.36231126741518,104.06308829289603,140.66153424193433,0.10833333333333334,12m_average_plus_recent_yoy_trend
iNATGAS | Natural gas index,2027-12-01,123.09129096977898,104.79206799525983,141.39051394429814,0.10833333333333334,12m_average_plus_recent_yoy_trend
iNATGAS | Natural gas index,2028-01-01,123.82461360585296,105.5253906313338,142.1238365803721,0.10833333333333334,12m_average_plus_recent_yoy_trend
iNATGAS | Natural gas index,2028-02-01,124.56230504888592,106.26308207436676,142.86152802340507,0.10833333333333334,12m_average_plus_recent_yoy_trend
iNATGAS | Natural gas index,2028-03-01,125.30439132626786,107.0051683517487,143.60361430078703,0.10833333333333334,12m_average_plus_recent_yoy_trend
iNATGAS | Natural gas index,2028-04-01,126.05089862044827,107.75167564592911,144.35012159496742,0.10833333333333334,12m_average_plus_recent_yoy_trend
iNATGAS | Natural gas index,2028-05-01,126.80185326985996,108.5026302953408,145.10107624437913,0.10833333333333334,12m_average_plus_recent_yoy_trend
iNATGAS | Natural gas index,2028-06-01,127.55728176984822,109.25805879532905,145.85650474436738,0.10833333333333334,12m_average_plus_recent_yoy_trend
iNATGAS | Natural gas index,2028-07-01,128.31721077360578,110.01798779908663,146.61643374812493,0.10833333333333334,12m_average_plus_recent_yoy_trend
iNATGAS | Natural gas index,2028-08-01,129.08166709311308,110.78244411859393,147.38089006763224,0.10833333333333334,12m_average_plus_recent_yoy_trend
iNATGAS | Natural gas index,2028-09-01,129.85067770008436,111.55145472556521,148.14990067460351,0.10833333333333334,12m_average_plus_recent_yoy_trend
iNATGAS | Natural gas index,2028-10-01,130.6242697269191,112.32504675239994,148.92349270143825,0.10833333333333334,12m_average_plus_recent_yoy_trend
iNATGAS | Natural gas index,2028-11-01,131.40247046765958,113.10324749314043,149.70169344217874,0.10833333333333334,12m_average_plus_recent_yoy_trend
iNATGAS | Natural gas index,2028-12-01,132.1853073789536,113.88608440443446,150.48453035347276,0.10833333333333334,12m_average_plus_recent_yoy_trend
iNATGAS | Natural gas index,2029-01-01,132.97280808102343,114.67358510650428,151.27203105554258,0.10833333333333334,12m_average_plus_recent_yoy_trend
iNATGAS | Natural gas index,2029-02-01,133.76500035864018,115.46577738412103,152.06422333315933,0.10833333333333334,12m_average_plus_recent_yoy_trend
iNATGAS | Natural gas index,2029-03-01,134.56191216210416,116.26268918758501,152.86113513662332,0.10833333333333334,12m_average_plus_recent_yoy_trend
iNATGAS | Natural gas index,2029-04-01,135.36357160823098,117.06434863371183,153.66279458275014,0.10833333333333334,12m_average_plus_recent_yoy_trend
